Date,VolUtil,Aportes
2013-01-01,11155025990.4,64981500.0
2013-01-02,11108789818.3,69612400.0
2013-01-03,11054608759.1,63955500.0
2013-01-04,10988829579.1,56189600.0
2013-01-05,10934764678.4,57780600.0
2013-01-06,10888426102.6,58862700.0
2013-01-07,10836960149.2,51303300.0
2013-01-08,10759897748.6,46439200.0
2013-01-09,10677789328.7,44430300.0
2013-01-10,10602262537.3,49541500.0
2013-01-11,10510213393.6,50423500.0
2013-01-12,10435090052.3,49584000.0
2013-01-13,10379606829.1,50434000.0
2013-01-14,10307682384.1,63631300.0
2013-01-15,10245205891.2,58503800.0
2013-01-16,10184986242.1,62942300.0
2013-01-17,10129450497.0,67561900.0
2013-01-18,10060678440.1,62179100.0
2013-01-19,10001934361.7,55944300.0
2013-01-20,9954503220.2,54348000.0
2013-01-21,9883204089.5,56556500.0
2013-01-22,9809991310.0,59661000.0
2013-01-23,9743104329.1,61387900.0
2013-01-24,9672520635.5,59527800.0
2013-01-25,9568360464.3,53829000.0
2013-01-26,9507917606.4,63564700.0
2013-01-27,9451802919.0,52968300.0
2013-01-28,9369461908.4,49967400.0
2013-01-29,9290399106.4,52890200.0
2013-01-30,9212096687.2,49391600.0
2013-01-31,9132098686.9,59295000.0
2013-02-01,9065772506.2,54685700.0
2013-02-02,8995625315.8,52831400.0
2013-02-03,8968482495.0,62402000.0
2013-02-04,8935804306.0,80293800.0
2013-02-05,8900425321.0,80917200.0
2013-02-06,8857627021.8,78357100.0
2013-02-07,8796987825.8,70820200.0
2013-02-08,8752851519.6,79222200.0
2013-02-09,8745458523.2,112982200.0
2013-02-10,8757524487.3,113988200.0
2013-02-11,8741395000.3,115274500.0
2013-02-12,8709774777.1,103952300.0
2013-02-13,8667977136.6,78069700.0
2013-02-14,8643798404.5,94160800.0
2013-02-15,8589639706.4,76513100.0
2013-02-16,8538089714.6,65212700.0
2013-02-17,8518392455.6,86171200.0
2013-02-18,8472173623.0,75890500.0
2013-02-19,8411127850.7,70278600.0
2013-02-20,8345808283.7,73483400.0
2013-02-21,8280358729.5,72144600.0
2013-02-22,8235373297.5,97843700.0
2013-02-23,8180096307.2,58461100.0
2013-02-24,8179049533.0,112103900.0
2013-02-25,8095876955.2,71095700.0
2013-02-26,8030772207.4,74801200.0
2013-02-27,7976434329.4,84806400.0
2013-02-28,7920632871.9,87868500.0
2013-03-01,7916323824.3,124454700.0
2013-03-02,7866072330.8,73544700.0
2013-03-03,7827089790.1,84621900.0
2013-03-04,7772369046.9,81752100.0
2013-03-05,7715415045.2,75281900.0
2013-03-06,7656251370.3,74481200.0
2013-03-07,7588126318.9,70824400.0
2013-03-08,7524684064.8,61004500.0
2013-03-09,7466764502.2,59246900.0
2013-03-10,7438003251.4,72648500.0
2013-03-11,7379405442.7,66600400.0
2013-03-12,7340523145.0,83648500.0
2013-03-13,7314089791.5,101692400.0
2013-03-14,7273886899.3,89371100.0
2013-03-15,7286250754.4,160895900.0
2013-03-16,7269778002.0,108797700.0
2013-03-17,7294029206.5,158305100.0
2013-03-18,7316668239.6,175814200.0
2013-03-19,7298413733.6,146071500.0
2013-03-20,7256914711.2,107393000.0
2013-03-21,7239303505.3,139430700.0
2013-03-22,7227433164.3,145514200.0
2013-03-23,7181185884.9,105954900.0
2013-03-24,7137249536.9,89292500.0
2013-03-25,7080248035.9,94757900.0
2013-03-26,7010051824.6,73665000.0
2013-03-27,6933888750.4,70591100.0
2013-03-28,6874276014.5,72607400.0
2013-03-29,6831860914.1,79215300.0
2013-03-30,6791386526.8,90734200.0
2013-03-31,6755527011.7,80483400.0
2013-04-01,6673843098.0,72005400.0
2013-04-02,6605572914.2,75691900.0
2013-04-03,6523578028.6,63653600.0
2013-04-04,6423801571.4,55368000.0
2013-04-05,6339406199.1,54329300.0
2013-04-06,6277694043.3,58398900.0
2013-04-07,6238490815.0,56840800.0
2013-04-08,6169983295.3,59847700.0
2013-04-09,6106175300.3,55767800.0
2013-04-10,6051575532.3,67709800.0
2013-04-11,5983965646.6,57083700.0
2013-04-12,5917205495.9,69551600.0
2013-04-13,5873363716.5,75783300.0
2013-04-14,5850412520.7,78774900.0
2013-04-15,5841547853.5,120409700.0
2013-04-16,5821011641.9,102298100.0
2013-04-17,5791685509.6,90788300.0
2013-04-18,5776672750.7,113103500.0
2013-04-19,5813829408.1,180479900.0
2013-04-20,5855386202.9,170258200.0
2013-04-21,5907532684.8,159787100.0
2013-04-22,5909173422.1,144722300.0
2013-04-23,5913207870.6,151735600.0
2013-04-24,5888961463.6,120171300.0
2013-04-25,5844980909.9,115144100.0
2013-04-26,5815967861.5,127671600.0
2013-04-27,5817398806.9,153888700.0
2013-04-28,5828231739.8,126633900.0
2013-04-29,5841081792.4,170689300.0
2013-04-30,5843125126.7,139930400.0
2013-05-01,5846042000.5,136055000.0
2013-05-02,5856731720.9,146386500.0
2013-05-03,5886175318.4,161741700.0
2013-05-04,5918197697.1,152688400.0
2013-05-05,6003167494.9,214848400.0
2013-05-06,6031320918.7,171489100.0
2013-05-07,6084848171.7,221029000.0
2013-05-08,6095256058.3,191502900.0
2013-05-09,6109702802.0,190001300.0
2013-05-10,6148992758.0,214489200.0
2013-05-11,6153048170.8,157068000.0
2013-05-12,6154244028.8,140954200.0
2013-05-13,6152166909.5,129915900.0
2013-05-14,6113522366.7,125510600.0
2013-05-15,6163029494.5,195745200.0
2013-05-16,6185209824.3,167000600.0
2013-05-17,6438342953.4,426319400.0
2013-05-18,6487175886.5,199703400.0
2013-05-19,6531254556.4,180643900.0
2013-05-20,6584545902.0,198267200.0
2013-05-21,6679603651.0,235506300.0
2013-05-22,6864684653.0,374163200.0
2013-05-23,7013828240.7,339136500.0
2013-05-24,7251303188.8,466501400.0
2013-05-25,7339841701.2,302180100.0
2013-05-26,7427407306.5,283826900.0
2013-05-27,7444024416.9,209506700.0
2013-05-28,7443786803.6,182911600.0
2013-05-29,7457883487.4,171339000.0
2013-05-30,7495459354.0,187404300.0
2013-05-31,7567820825.7,227539800.0
2013-06-01,7605833949.9,181999400.0
2013-06-02,7627243370.2,171718200.0
2013-06-03,7648614411.0,186196800.0
2013-06-04,7649605176.2,154704100.0
2013-06-05,7636052797.6,130178000.0
2013-06-06,7621800165.7,124524200.0
2013-06-07,7604046055.5,138854300.0
2013-06-08,7595886732.7,149680000.0
2013-06-09,7593104683.4,133769000.0
2013-06-10,7577497972.8,126830800.0
2013-06-11,7556834932.3,136686600.0
2013-06-12,7623830682.8,217547600.0
2013-06-13,7656528111.9,175846500.0
2013-06-14,7645582747.9,145611700.0
2013-06-15,7665359581.0,157855300.0
2013-06-16,7775086807.8,236152400.0
2013-06-17,7781351018.3,157538700.0
2013-06-18,7782284584.5,167295600.0
2013-06-19,7758240755.7,139510700.0
2013-06-20,7720585856.1,140558700.0
2013-06-21,7708557995.8,146426000.0
2013-06-22,7682185890.8,112314000.0
2013-06-23,7684260837.5,126490000.0
2013-06-24,7751113859.4,211348700.0
2013-06-25,7787519109.1,165923800.0
2013-06-26,7763220955.4,106150300.0
2013-06-27,7742238586.6,104389400.0
2013-06-28,7800864478.8,181815900.0
2013-06-29,7805718105.9,124590500.0
2013-06-30,7842928700.5,153725800.0
2013-07-01,7899777424.5,177558300.0
2013-07-02,7894658435.9,119885300.0
2013-07-03,7887427048.9,118560500.0
2013-07-04,7857800580.0,99075700.0
2013-07-05,7835029135.8,117113100.0
2013-07-06,7813851374.1,97921800.0
2013-07-07,7815507013.7,101389600.0
2013-07-08,7829536105.0,157818500.0
2013-07-09,7875060756.1,184721900.0
2013-07-10,7895758255.4,141138800.0
2013-07-11,7968258239.7,195060200.0
2013-07-12,8011608037.4,166479700.0
2013-07-13,8026311230.8,121379400.0
2013-07-14,8042701339.4,109993600.0
2013-07-15,8078625987.6,158683400.0
2013-07-16,8123396827.2,182269500.0
2013-07-17,8196313829.2,208996700.0
2013-07-18,8239806857.3,190714500.0
2013-07-19,8253617666.2,161193500.0
2013-07-20,8277668629.0,141004300.0
2013-07-21,8359527030.7,202311200.0
2013-07-22,8368175272.7,155264200.0
2013-07-23,8375241628.1,150027700.0
2013-07-24,8355328511.7,123968700.0
2013-07-25,8324197749.9,109193200.0
2013-07-26,8339341493.5,144961300.0
2013-07-27,8342080669.3,122647300.0
2013-07-28,8347644354.2,118125100.0
2013-07-29,8378699055.0,168928100.0
2013-07-30,8378671702.0,140381600.0
2013-07-31,8420092282.3,171504800.0
2013-08-01,8455014596.6,162395300.0
2013-08-02,8516930903.2,202018000.0
2013-08-03,8592741255.5,202427000.0
2013-08-04,8648679039.0,154192500.0
2013-08-05,8658301634.4,144689800.0
2013-08-06,8644844858.7,114367400.0
2013-08-07,8639693703.1,120450700.0
2013-08-08,8681202119.7,183382400.0
2013-08-09,8713914848.7,183949600.0
2013-08-10,8761384455.5,175166200.0
2013-08-11,8856883908.7,202659600.0
2013-08-12,8915751145.9,199328100.0
2013-08-13,9017023762.4,244811700.0
2013-08-14,9032972305.2,175701600.0
2013-08-15,9025077397.1,155071000.0
2013-08-16,9058880502.9,198261400.0
2013-08-17,9069321821.3,165942000.0
2013-08-18,9138690332.8,199188900.0
2013-08-19,9176973176.0,169952900.0
2013-08-20,9258429960.5,241837000.0
2013-08-21,9312601949.1,208553200.0
2013-08-22,9371046650.7,232110900.0
2013-08-23,9365824943.0,150988700.0
2013-08-24,9397017783.5,167370800.0
2013-08-25,9446841356.6,183697600.0
2013-08-26,9478339849.8,190186300.0
2013-08-27,9504206870.3,173458300.0
2013-08-28,9491146750.5,141380800.0
2013-08-29,9561653010.9,225839900.0
2013-08-30,9556596577.1,148121800.0
2013-08-31,9556104294.3,149422400.0
2013-09-01,9622322689.8,204759700.0
2013-09-02,9628936640.8,161442000.0
2013-09-03,9656792251.4,177260300.0
2013-09-04,9643899202.6,133749900.0
2013-09-05,9606973939.4,125614200.0
2013-09-06,9671917105.7,224124900.0
2013-09-07,9708820492.6,184088700.0
2013-09-08,9700364185.0,125997300.0
2013-09-09,9702682678.8,153211400.0
2013-09-10,9710839843.6,165111300.0
2013-09-11,9718039435.1,160895200.0
2013-09-12,9728230142.6,166616700.0
2013-09-13,9701604436.0,134598300.0
2013-09-14,9666320027.4,118502700.0
2013-09-15,9688328611.6,167001300.0
2013-09-16,9660522501.5,133645100.0
2013-09-17,9643608333.1,136451800.0
2013-09-18,9658521803.8,148741000.0
2013-09-19,9677268708.1,163975400.0
2013-09-20,9660526949.2,130172600.0
2013-09-21,9638006389.3,107327500.0
2013-09-22,9614757498.5,104768200.0
2013-09-23,9549442196.8,96845100.0
2013-09-24,9522129975.8,112177900.0
2013-09-25,9479538861.8,96092900.0
2013-09-26,9436035164.8,99857100.0
2013-09-27,9415324493.9,117597600.0
2013-09-28,9448520249.8,157260100.0
2013-09-29,9494173031.4,171061400.0
2013-09-30,9515631952.4,160252300.0
2013-10-01,9520171994.0,142710800.0
2013-10-02,9480617576.9,126028500.0
2013-10-03,9488427942.9,153994800.0
2013-10-04,9685847285.1,341075900.0
2013-10-05,9726045133.9,167324800.0
2013-10-06,9724869616.5,117864100.0
2013-10-07,9688387580.4,111009400.0
2013-10-08,9687093429.1,138792300.0
2013-10-09,9654790479.1,110939700.0
2013-10-10,9636406816.8,131353600.0
2013-10-11,9613226706.3,115620500.0
2013-10-12,9593615239.1,119930300.0
2013-10-13,9658384496.9,184222800.0
2013-10-14,9711373924.9,185433300.0
2013-10-15,9741773137.0,176271900.0
2013-10-16,9750989724.0,147337400.0
2013-10-17,9751690553.5,137358200.0
2013-10-18,9714431521.5,111852800.0
2013-10-19,9694413913.8,112704000.0
2013-10-20,9689002645.9,104630300.0
2013-10-21,9681752522.7,138068000.0
2013-10-22,9722701605.8,171875100.0
2013-10-23,9716285901.7,125021600.0
2013-10-24,9702874107.7,117575900.0
2013-10-25,9675715669.1,103939300.0
2013-10-26,9648333806.9,88980300.0
2013-10-27,9652176472.9,111235100.0
2013-10-28,9613475859.0,101564200.0
2013-10-29,9567430873.8,92261000.0
2013-10-30,9545043035.7,109519200.0
2013-10-31,9530486646.5,113110000.0
2013-11-01,9502936376.8,99757100.0
2013-11-02,9501767121.1,102229700.0
2013-11-03,9526551755.9,109057300.0
2013-11-04,9643836919.6,239554900.0
2013-11-05,9754953628.4,247247400.0
2013-11-06,9823879266.7,211818400.0
2013-11-07,9947779442.7,287644600.0
2013-11-08,9999161399.3,191409900.0
2013-11-09,10056224396.1,200467200.0
2013-11-10,10114283358.0,189542900.0
2013-11-11,10119514782.2,144811300.0
2013-11-12,10138029785.7,171691600.0
2013-11-13,10147915659.6,150993500.0
2013-11-14,10176269504.6,168654100.0
2013-11-15,10210347650.1,181773300.0
2013-11-16,10202480393.6,131620700.0
2013-11-17,10207701020.5,122112900.0
2013-11-18,10175824061.5,115151500.0
2013-11-19,10185551714.6,152323300.0
2013-11-20,10202401173.6,163751000.0
2013-11-21,10246327007.9,203184100.0
2013-11-22,10233449501.8,125324600.0
2013-11-23,10225507756.2,126926100.0
2013-11-24,10270000832.3,152402000.0
2013-11-25,10276320224.9,163024000.0
2013-11-26,10301681376.6,183827100.0
2013-11-27,10337717994.8,208114700.0
2013-11-28,10359202387.4,173382700.0
2013-11-29,10380753259.2,155796100.0
2013-11-30,10436367710.1,207950400.0
2013-12-01,10518823498.7,241419600.0
2013-12-02,10632257206.9,307981000.0
2013-12-03,10692760872.8,230454500.0
2013-12-04,10714866044.2,178563600.0
2013-12-05,10722004626.8,150430400.0
2013-12-06,10723867027.1,148671800.0
2013-12-07,10737463945.7,149918500.0
2013-12-08,10771677286.8,155604300.0
2013-12-09,10777236043.2,155477000.0
2013-12-10,10760460092.0,126537700.0
2013-12-11,10739715865.0,128473800.0
2013-12-12,10710879973.6,118091700.0
2013-12-13,10679184186.8,122017600.0
2013-12-14,10660419342.5,107984900.0
2013-12-15,10683727340.1,140453400.0
2013-12-16,10668741247.0,108622200.0
2013-12-17,10670584327.4,133993700.0
2013-12-18,10665287977.0,130314200.0
2013-12-19,10655441282.0,128047900.0
2013-12-20,10636427171.5,105801700.0
2013-12-21,10611293124.4,102728700.0
2013-12-22,10629669442.3,140329800.0
2013-12-23,10692294936.3,207421400.0
2013-12-24,10722097669.5,169007800.0
2013-12-25,10733742003.1,125060500.0
2013-12-26,10696307923.4,107493400.0
2013-12-27,10650554813.9,105179500.0
2013-12-28,10602835415.0,96532500.0
2013-12-29,10575054276.7,95752000.0
2013-12-30,10525240308.6,93471200.0
2013-12-31,10495055419.3,94627300.0
2014-01-01,10485067640.5,89094000.0
2014-01-02,10450039772.2,81609800.0
2014-01-03,10419556051.3,99441100.0
2014-01-04,10374439905.6,85628200.0
2014-01-05,10359709667.0,84257000.0
2014-01-06,10390381754.4,143822100.0
2014-01-07,10397587803.2,125296400.0
2014-01-08,10390147457.9,107233400.0
2014-01-09,10374653245.7,109524700.0
2014-01-10,10350831026.9,100415500.0
2014-01-11,10335545352.6,104300700.0
2014-01-12,10326366586.5,99699500.0
2014-01-13,10275449009.4,81682600.0
2014-01-14,10211585392.4,74681600.0
2014-01-15,10155577385.4,76955400.0
2014-01-16,10094911119.1,80294000.0
2014-01-17,10039020006.7,78621700.0
2014-01-18,9980362663.1,66511600.0
2014-01-19,9942298028.8,69223200.0
2014-01-20,9883705176.3,89087900.0
2014-01-21,9826923278.3,71040900.0
2014-01-22,9768530308.7,85855200.0
2014-01-23,9705582786.5,75266500.0
2014-01-24,9634952356.6,65346900.0
2014-01-25,9568375377.0,72031600.0
2014-01-26,9537973921.5,71354100.0
2014-01-27,9464595359.6,63433900.0
2014-01-28,9387811957.1,72737800.0
2014-01-29,9332342526.5,79543700.0
2014-01-30,9265434451.1,74227300.0
2014-01-31,9210735430.2,71509600.0
2014-02-01,9151726143.9,69645600.0
2014-02-02,9127887658.9,82775200.0
2014-02-03,9078911590.6,95573100.0
2014-02-04,9021941884.6,72070300.0
2014-02-05,8961925658.2,74947600.0
2014-02-06,8914182992.2,80222600.0
2014-02-07,8860551706.6,73708700.0
2014-02-08,8797798605.8,67339800.0
2014-02-09,8763056708.2,65764500.0
2014-02-10,8694585656.3,75057700.0
2014-02-11,8639179267.0,72545000.0
2014-02-12,8569039153.4,67532800.0
2014-02-13,8516726599.5,79273000.0
2014-02-14,8460079669.8,73229200.0
2014-02-15,8399521193.1,61790600.0
2014-02-16,8358170251.4,65958500.0
2014-02-17,8292520421.0,62897600.0
2014-02-18,8242301290.8,78499600.0
2014-02-19,8193720310.9,91609300.0
2014-02-20,8156926376.9,89439800.0
2014-02-21,8140050982.6,125822600.0
2014-02-22,8115264989.5,102312900.0
2014-02-23,8099575666.8,85774400.0
2014-02-24,8032060781.1,90300700.0
2014-02-25,8013900571.4,119493600.0
2014-02-26,7973402816.5,95006200.0
2014-02-27,8048067337.1,213615200.0
2014-02-28,8098809461.2,191383000.0
2014-03-01,8113233414.1,147330500.0
2014-03-02,8111766143.9,117119600.0
2014-03-03,8135054794.5,148495300.0
2014-03-04,8149910800.0,144455100.0
2014-03-05,8136410344.2,123216400.0
2014-03-06,8110441276.0,114789800.0
2014-03-07,8091855103.2,127391400.0
2014-03-08,8080897475.8,134183900.0
2014-03-09,8090603590.2,127773300.0
2014-03-10,8059672084.9,110611400.0
2014-03-11,8019619819.6,106454200.0
2014-03-12,8000133867.5,126364300.0
2014-03-13,7978987624.3,117136100.0
2014-03-14,7946982589.8,114584100.0
2014-03-15,7959913134.7,134841800.0
2014-03-16,7962658474.6,123695400.0
2014-03-17,7915647366.5,105985400.0
2014-03-18,7881153248.1,116999300.0
2014-03-19,7833469625.9,105806700.0
2014-03-20,7778445095.0,87417100.0
2014-03-21,7711166863.8,77422700.0
2014-03-22,7651400604.5,77133100.0
2014-03-23,7620132463.3,88300400.0
2014-03-24,7584876703.0,78525000.0
2014-03-25,7541641699.9,90280600.0
2014-03-26,7522174937.8,117572600.0
2014-03-27,7449674933.2,77280600.0
2014-03-28,7378592155.7,70026100.0
2014-03-29,7314676236.0,63229800.0
2014-03-30,7260927126.4,59487600.0
2014-03-31,7189559496.9,59446400.0
2014-04-01,7113913441.9,57369000.0
2014-04-02,7040598535.3,61384000.0
2014-04-03,6987408326.4,66032700.0
2014-04-04,6945861469.8,70191700.0
2014-04-05,6916339739.3,84798600.0
2014-04-06,6893975241.2,65077000.0
2014-04-07,6871590861.8,107901000.0
2014-04-08,6863751863.7,125918700.0
2014-04-09,6820779594.9,100895800.0
2014-04-10,6769150758.9,76677900.0
2014-04-11,6699714175.4,62038700.0
2014-04-12,6635484077.0,64845100.0
2014-04-13,6595667219.1,64144000.0
2014-04-14,6526152630.4,67979800.0
2014-04-15,6474967775.4,77356500.0
2014-04-16,6441717846.9,78656000.0
2014-04-17,6444338361.4,102748400.0
2014-04-18,6413881189.9,77071100.0
2014-04-19,6436876721.3,135172800.0
2014-04-20,6453879334.3,121907600.0
2014-04-21,6432725154.2,112322300.0
2014-04-22,6415385134.6,116194600.0
2014-04-23,6393618148.5,122473600.0
2014-04-24,6517288714.6,261231000.0
2014-04-25,6509552286.0,136708700.0
2014-04-26,6638465600.1,272950400.0
2014-04-27,6695000984.5,170822400.0
2014-04-28,6710798393.0,156261700.0
2014-04-29,6783998255.3,214199100.0
2014-04-30,6789368527.6,147495600.0
2014-05-01,6819702794.8,130606400.0
2014-05-02,6816215342.9,124148100.0
2014-05-03,6815851330.4,120864300.0
2014-05-04,6833209639.8,108432800.0
2014-05-05,6798201225.2,99166200.0
2014-05-06,6800955097.2,133482900.0
2014-05-07,6795616007.5,120926900.0
2014-05-08,6795330319.6,122918800.0
2014-05-09,6892818710.8,240963200.0
2014-05-10,6955298543.5,206183400.0
2014-05-11,7103077494.1,277162300.0
2014-05-12,7163180219.3,206725800.0
2014-05-13,7224868189.1,201207100.0
2014-05-14,7253364274.2,158142000.0
2014-05-15,7291434764.3,159757800.0
2014-05-16,7306991154.1,145058600.0
2014-05-17,7359226328.3,169542300.0
2014-05-18,7417747369.3,176809400.0
2014-05-19,7410889386.2,125596800.0
2014-05-20,7416491498.3,122327200.0
2014-05-21,7430701996.4,126503700.0
2014-05-22,7436818070.0,124780100.0
2014-05-23,7440098719.6,126805200.0
2014-05-24,7452014087.7,131448400.0
2014-05-25,7446172042.4,98528300.0
2014-05-26,7420001472.9,92739400.0
2014-05-27,7408216737.5,106735400.0
2014-05-28,7409337390.1,110363700.0
2014-05-29,7426286370.8,141169700.0
2014-05-30,7434112330.1,132678000.0
2014-05-31,7495368331.8,169962300.0
2014-06-01,7540979043.1,132627400.0
2014-06-02,7605343776.2,155542500.0
2014-06-03,7637932037.2,143742700.0
2014-06-04,7660894926.9,146372800.0
2014-06-05,7661695306.9,123449900.0
2014-06-06,7700202684.3,167767800.0
2014-06-07,7935811212.6,361607300.0
2014-06-08,8105725194.1,267990000.0
2014-06-09,8144646817.3,164342400.0
2014-06-10,8230419706.6,231228900.0
2014-06-11,8276046996.6,170137100.0
2014-06-12,8270780451.0,123284900.0
2014-06-13,8274850530.9,132308100.0
2014-06-14,8483906929.6,334948100.0
2014-06-15,8654300709.5,277932200.0
2014-06-16,8697923486.3,172650900.0
2014-06-17,8738761183.8,179313100.0
2014-06-18,8799419240.2,197638100.0
2014-06-19,8927382647.2,270479800.0
2014-06-20,9024260199.6,234896400.0
2014-06-21,9080730328.2,180299800.0
2014-06-22,9159891613.9,194777200.0
2014-06-23,9297178725.3,251179000.0
2014-06-24,9480833453.5,328425200.0
2014-06-25,9721715394.3,398212700.0
2014-06-26,9858782422.7,304803800.0
2014-06-27,9909285229.0,209085600.0
2014-06-28,9942093924.7,172803300.0
2014-06-29,9966835895.2,153225700.0
2014-06-30,10001336797.6,161934300.0
2014-07-01,10068132716.6,216575900.0
2014-07-02,10170000234.8,237436500.0
2014-07-03,10207614083.4,177461400.0
2014-07-04,10239047045.0,165312900.0
2014-07-05,10288885033.3,183686100.0
2014-07-06,10311677182.0,143898600.0
2014-07-07,10430829553.6,267748000.0
2014-07-08,10514426538.0,235571500.0
2014-07-09,10542185247.3,223144800.0
2014-07-10,10543072698.4,178390000.0
2014-07-11,10573718596.7,214540500.0
2014-07-12,10608676314.8,212839800.0
2014-07-13,10699929078.3,262607200.0
2014-07-14,10763330715.3,291113500.0
2014-07-15,10808891044.6,249558000.0
2014-07-16,10829732260.3,195849400.0
2014-07-17,10858645302.0,188246300.0
2014-07-18,10907830326.2,228722500.0
2014-07-19,10928591641.3,166991800.0
2014-07-20,10975632334.4,174812100.0
2014-07-21,10979082409.1,144116900.0
2014-07-22,10984346527.8,169709900.0
2014-07-23,11002002151.1,213821900.0
2014-07-24,11003670090.5,179371300.0
2014-07-25,10998951003.9,158195600.0
2014-07-26,11017819744.0,148152800.0
2014-07-27,11048542232.2,141572500.0
2014-07-28,11036177424.4,115943600.0
2014-07-29,11018507659.2,107614700.0
2014-07-30,11008312419.7,110097600.0
2014-07-31,11002555665.3,115135000.0
2014-08-01,10975251900.0,90668900.0
2014-08-02,11031507800.0,197635000.0
2014-08-03,11065978200.0,134254400.0
2014-08-04,11050544200.0,109790400.0
2014-08-05,11020354600.0,98184900.0
2014-08-06,11055976300.0,155326700.0
2014-08-07,11166076600.0,202101500.0
2014-08-08,11216117700.0,172913900.0
2014-08-09,11273994100.0,187137100.0
2014-08-10,11348589100.0,183870700.0
2014-08-11,11379920400.0,165895400.0
2014-08-12,11436684800.0,195856800.0
2014-08-13,11435819900.0,150492000.0
2014-08-14,11464018300.0,173795900.0
2014-08-15,11444883900.0,123293200.0
2014-08-16,11440854600.0,131755100.0
2014-08-17,11486308300.0,170020500.0
2014-08-18,11517424800.0,209467100.0
2014-08-19,11493644600.0,179968500.0
2014-08-20,11463196000.0,121131300.0
2014-08-21,11419378000.0,110278100.0
2014-08-22,11367092900.0,95641200.0
2014-08-23,11346005900.0,121947200.0
2014-08-24,11344411600.0,109874900.0
2014-08-25,11351628300.0,137816900.0
2014-08-26,11385386900.0,184272700.0
2014-08-27,11397741800.0,151276100.0
2014-08-28,11433723900.0,172094300.0
2014-08-29,11432908200.0,141173400.0
2014-08-30,11394579600.0,98290700.0
2014-08-31,11370796200.0,95982400.0
2014-09-01,11300518000.0,78333700.0
2014-09-02,11262674800.0,100369700.0
2014-09-03,11256075300.0,127964100.0
2014-09-04,11261637100.0,135976700.0
2014-09-05,11223851100.0,97346000.0
2014-09-06,11223363500.0,132940100.0
2014-09-07,11247184100.0,187380600.0
2014-09-08,11220951200.0,141779100.0
2014-09-09,11190939500.0,118095300.0
2014-09-10,11154523500.0,106342000.0
2014-09-11,11179547600.0,172936800.0
2014-09-12,11191592600.0,166613600.0
2014-09-13,11281931000.0,242150900.0
2014-09-14,11342173600.0,211561000.0
2014-09-15,11366050400.0,171183700.0
2014-09-16,11364900000.0,138323500.0
2014-09-17,11373230000.0,147638600.0
2014-09-18,11350351700.0,117857500.0
2014-09-19,11315796800.0,111815500.0
2014-09-20,11359463600.0,193047100.0
2014-09-21,11385456100.0,139166600.0
2014-09-22,11379543100.0,137599600.0
2014-09-23,11360967700.0,135126400.0
2014-09-24,11319232500.0,119595600.0
2014-09-25,11300074700.0,128536400.0
2014-09-26,11300876200.0,145688600.0
2014-09-27,11282239100.0,119122600.0
2014-09-28,11279213600.0,95860700.0
2014-09-29,11240620200.0,96881200.0
2014-09-30,11173396300.0,79532900.0
2014-10-01,11122256500.0,79814500.0
2014-10-02,11063342000.0,74860000.0
2014-10-03,11020312300.0,89225800.0
2014-10-04,10985141800.0,89648300.0
2014-10-05,10969138800.0,91505500.0
2014-10-06,10943887600.0,110195900.0
2014-10-07,10986929800.0,200208900.0
2014-10-08,11034474000.0,192831500.0
2014-10-09,11171905000.0,277464200.0
2014-10-10,11222373700.0,196813500.0
2014-10-11,11266739000.0,183867000.0
2014-10-12,11339875100.0,184559100.0
2014-10-13,11452453100.0,229583500.0
2014-10-14,11474820800.0,174551500.0
2014-10-15,11489053900.0,167037600.0
2014-10-16,11502359600.0,160418100.0
2014-10-17,11500545400.0,147283800.0
2014-10-18,11547696000.0,185270700.0
2014-10-19,11609523100.0,166375800.0
2014-10-20,11615716700.0,138649500.0
2014-10-21,11590535900.0,118235000.0
2014-10-22,11602609400.0,157336800.0
2014-10-23,11592936100.0,143216100.0
2014-10-24,11597996100.0,159735900.0
2014-10-25,11594918800.0,132772700.0
2014-10-26,11674931400.0,193654300.0
2014-10-27,11677590600.0,134630400.0
2014-10-28,11667299900.0,129520300.0
2014-10-29,11678054000.0,146805300.0
2014-10-30,11710439500.0,172093200.0
2014-10-31,11776814400.0,189329200.0
2014-11-01,11803482600.0,154701500.0
2014-11-02,11816865700.0,126003500.0
2014-11-03,11802743800.0,105207200.0
2014-11-04,11775910100.0,117523100.0
2014-11-05,11753167000.0,125959000.0
2014-11-06,11758160900.0,160879000.0
2014-11-07,11775020200.0,170572800.0
2014-11-08,11785866300.0,156647900.0
2014-11-09,11809473100.0,150704500.0
2014-11-10,11853141400.0,202737400.0
2014-11-11,11936044400.0,248896300.0
2014-11-12,12013332200.0,244472900.0
2014-11-13,12063101000.0,219527700.0
2014-11-14,12112650200.0,224720100.0
2014-11-15,12105066300.0,152625200.0
2014-11-16,12139454100.0,177367100.0
2014-11-17,12133396900.0,141132100.0
2014-11-18,12111452100.0,135096900.0
2014-11-19,12139917300.0,168774300.0
2014-11-20,12123620000.0,131240800.0
2014-11-21,12113026200.0,138596000.0
2014-11-22,12116120300.0,155251100.0
2014-11-23,12132475700.0,157266900.0
2014-11-24,12154005400.0,179765300.0
2014-11-25,12142002600.0,137970800.0
2014-11-26,12123251300.0,130080300.0
2014-11-27,12104108200.0,119981200.0
2014-11-28,12070380500.0,103624400.0
2014-11-29,12017225400.0,92038800.0
2014-11-30,12012010356.9,119050700.0
2014-12-01,12712408411.3,153483900.0
2014-12-02,12676466632.1,117519600.0
2014-12-03,12611455403.0,88442000.0
2014-12-04,12556621581.4,96075500.0
2014-12-05,12519532618.5,101775900.0
2014-12-06,12495394409.6,107908800.0
2014-12-07,12514838146.0,132769000.0
2014-12-08,12535559651.7,134714700.0
2014-12-09,12546847840.6,155101000.0
2014-12-10,12579956782.8,172244600.0
2014-12-11,12617018965.5,179236400.0
2014-12-12,12632969074.4,161817500.0
2014-12-13,12646004141.8,150543800.0
2014-12-14,12720116227.2,180879300.0
2014-12-15,12732067291.4,158055900.0
2014-12-16,12739359451.5,154940800.0
2014-12-17,12716756052.8,125810300.0
2014-12-18,12697069546.8,122526000.0
2014-12-19,12665977057.2,116538700.0
2014-12-20,12620738567.6,127402400.0
2014-12-21,12590868750.0,119748400.0
2014-12-22,12540128295.5,109013000.0
2014-12-23,12490622909.2,95349700.0
2014-12-24,12449831525.4,87819800.0
2014-12-25,12433012232.9,95790600.0
2014-12-26,12375094004.0,83608500.0
2014-12-27,12319393904.8,77374300.0
2014-12-28,12286005629.1,80865500.0
2014-12-29,12222224378.6,73122700.0
2014-12-30,12164030729.0,76878600.0
2014-12-31,12132080606.2,80933400.0
2015-01-01,12095863319.0,66256200.0
2015-01-02,12054790776.4,64876900.0
2015-01-03,12003244980.4,64367700.0
2015-01-04,11962256983.3,57184800.0
2015-01-05,11894600127.1,55485100.0
2015-01-06,11821706456.5,59272500.0
2015-01-07,11754130684.6,53695100.0
2015-01-08,11679206594.1,49434400.0
2015-01-09,11615909042.2,57623300.0
2015-01-10,11568522749.9,52979000.0
2015-01-11,11532429746.8,60622400.0
2015-01-12,11491670876.0,61696900.0
2015-01-13,11436808342.4,75203000.0
2015-01-14,11355193420.6,55014500.0
2015-01-15,11285404169.7,65634000.0
2015-01-16,11206226332.2,64313100.0
2015-01-17,11150458234.5,74673700.0
2015-01-18,11109952334.3,75820700.0
2015-01-19,11060502219.8,86441500.0
2015-01-20,10996472840.2,78870100.0
2015-01-21,10963199533.2,102883700.0
2015-01-22,10941126775.5,123201900.0
2015-01-23,10940271809.1,132902700.0
2015-01-24,10922627426.5,100096200.0
2015-01-25,10878672394.5,82292400.0
2015-01-26,10798876021.2,62613900.0
2015-01-27,10724056862.2,75961900.0
2015-01-28,10653720937.9,76108500.0
2015-01-29,10580436105.3,71313000.0
2015-01-30,10519968389.0,79387800.0
2015-01-31,10489855560.1,101992600.0
2015-02-01,10525211942.3,144963500.0
2015-02-02,10486515620.5,104001500.0
2015-02-03,10439866155.7,99763800.0
2015-02-04,10372867790.7,78639000.0
2015-02-05,10298723003.5,68296800.0
2015-02-06,10254701575.9,97878500.0
2015-02-07,10203707317.7,87883900.0
2015-02-08,10214935119.7,117325500.0
2015-02-09,10208356894.2,120050700.0
2015-02-10,10205132132.7,141358300.0
2015-02-11,10176443648.6,119889700.0
2015-02-12,10117478371.5,89347500.0
2015-02-13,10152759991.2,199669600.0
2015-02-14,10126679564.3,116989300.0
2015-02-15,10089234473.5,98369300.0
2015-02-16,10010302636.0,83986400.0
2015-02-17,9926352817.8,76701200.0
2015-02-18,9828791028.0,67561900.0
2015-02-19,9734399224.2,69970700.0
2015-02-20,9642932996.8,65398200.0
2015-02-21,9566940261.1,74903500.0
2015-02-22,9495698229.5,59733500.0
2015-02-23,9400148754.6,61677100.0
2015-02-24,9305398085.7,64503600.0
2015-02-25,9211366336.3,55304700.0
2015-02-26,9126299123.3,64442700.0
2015-02-27,9067122149.8,84751200.0
2015-02-28,8990604621.6,77426600.0
2015-03-01,8937597691.1,79243500.0
2015-03-02,8872934274.4,79793700.0
2015-03-03,8764780000.2,68135700.0
2015-03-04,8691687589.7,79272800.0
2015-03-05,8621070825.3,82330700.0
2015-03-06,8564635482.0,87331400.0
2015-03-07,8511299972.2,73397300.0
2015-03-08,8455755814.0,69376300.0
2015-03-09,8345490078.8,56007200.0
2015-03-10,8275213163.4,77641400.0
2015-03-11,8185611051.9,70690600.0
2015-03-12,8103532233.5,71985500.0
2015-03-13,8032637008.7,75620800.0
2015-03-14,7955559464.8,73308500.0
2015-03-15,7907626600.1,69796000.0
2015-03-16,7831673873.0,68357100.0
2015-03-17,7754053705.2,65770500.0
2015-03-18,7714495294.9,98356500.0
2015-03-19,7686010889.5,129427100.0
2015-03-20,7675837027.6,131916600.0
2015-03-21,7680656102.8,147206900.0
2015-03-22,7678108501.4,109872200.0
2015-03-23,7663344555.2,108048700.0
2015-03-24,7594132643.7,79572300.0
2015-03-25,7523762016.6,80777700.0
2015-03-26,7457529546.1,89239600.0
2015-03-27,7359913933.7,64020300.0
2015-03-28,7293824563.6,85117300.0
2015-03-29,7311939738.5,141460700.0
2015-03-30,7276601588.5,106647200.0
2015-03-31,7248264199.3,116603200.0
2015-04-01,7208293808.8,98458600.0
2015-04-02,7189259290.1,92779200.0
2015-04-03,7269627716.0,187411700.0
2015-04-04,7300779400.9,156874200.0
2015-04-05,7308677236.4,131050400.0
2015-04-06,7274016249.7,121713700.0
2015-04-07,7252247842.8,145517300.0
2015-04-08,7254877441.4,161032600.0
2015-04-09,7219881345.7,127916800.0
2015-04-10,7163806116.7,108434800.0
2015-04-11,7193805554.1,177843900.0
2015-04-12,7233078782.4,176243800.0
2015-04-13,7224213965.9,139693300.0
2015-04-14,7246799015.8,181815000.0
2015-04-15,7275924583.7,179420000.0
2015-04-16,7309703505.7,188983600.0
2015-04-17,7349317976.3,183989300.0
2015-04-18,7385990936.6,186283700.0
2015-04-19,7474805665.5,212995700.0
2015-04-20,7520695473.8,197870100.0
2015-04-21,7541520810.0,185934400.0
2015-04-22,7525360099.1,144293300.0
2015-04-23,7484758893.5,119358400.0
2015-04-24,7453223429.5,120562900.0
2015-04-25,7458219391.4,161931500.0
2015-04-26,7463168983.7,144896800.0
2015-04-27,7435560870.1,138872600.0
2015-04-28,7420934750.1,150363800.0
2015-04-29,7361931043.3,112375300.0
2015-04-30,7296635447.7,90002500.0
2015-05-01,7274905168.4,107814900.0
2015-05-02,7223068023.5,82366400.0
2015-05-03,7182466384.8,83727400.0
2015-05-04,7127164972.0,91553500.0
2015-05-05,7043210518.0,76426500.0
2015-05-06,6966978916.8,79758700.0
2015-05-07,6915129018.4,95403700.0
2015-05-08,6891289215.9,119189900.0
2015-05-09,6834052104.6,80022400.0
2015-05-10,6809026834.6,93679400.0
2015-05-11,6734865381.1,76843300.0
2015-05-12,6662766425.4,79771300.0
2015-05-13,6593544142.8,79189400.0
2015-05-14,6522145914.8,81572600.0
2015-05-15,6509472873.1,136425500.0
2015-05-16,6526440117.4,156026900.0
2015-05-17,6586374736.3,172167000.0
2015-05-18,6671722465.7,231342600.0
2015-05-19,6688947464.9,148858900.0
2015-05-20,6677540743.7,130925600.0
2015-05-21,6791442665.4,258627900.0
2015-05-22,6819733272.9,175894100.0
2015-05-23,6833743505.3,151348800.0
2015-05-24,6845120731.0,131153700.0
2015-05-25,6910273674.7,215707200.0
2015-05-26,6928295912.8,165648100.0
2015-05-27,6938916605.3,153409600.0
2015-05-28,6976560705.7,167650000.0
2015-05-29,7125528244.7,310244700.0
2015-05-30,7324920809.1,374661300.0
2015-05-31,7431347565.3,251701600.0
2015-06-01,7480217582.9,216049100.0
2015-06-02,7485809046.5,190737000.0
2015-06-03,7514671410.6,175703300.0
2015-06-04,7560176042.2,231686400.0
2015-06-05,7665016830.2,288224200.0
2015-06-06,7723293306.9,207413400.0
2015-06-07,7786026339.3,164478600.0
2015-06-08,7854876959.8,162205600.0
2015-06-09,7939183637.7,219222500.0
2015-06-10,8004022592.4,213343400.0
2015-06-11,8074139475.3,223610200.0
2015-06-12,8093542798.9,150166400.0
2015-06-13,8165427759.9,217689900.0
2015-06-14,8222035517.1,181757000.0
2015-06-15,8281957945.6,194014400.0
2015-06-16,8309375346.9,181747400.0
2015-06-17,8297842522.9,139151700.0
2015-06-18,8337505576.2,178118500.0
2015-06-19,8428026494.5,230610300.0
2015-06-20,8492915733.3,197822600.0
2015-06-21,8552813919.8,184172000.0
2015-06-22,8751510751.6,392439400.0
2015-06-23,8881084030.2,311764100.0
2015-06-24,8964969528.7,254269400.0
2015-06-25,9137205659.0,373037200.0
2015-06-26,9337221209.9,383943000.0
2015-06-27,9510629053.9,351553900.0
2015-06-28,9647438144.4,306491400.0
2015-06-29,9749950434.4,272840100.0
2015-06-30,9788328306.8,193338100.0
2015-07-01,9800212106.9,170228000.0
2015-07-02,9790583603.3,153734900.0
2015-07-03,9765253057.8,127077200.0
2015-07-04,9762401608.0,132608600.0
2015-07-05,9786607325.8,144509100.0
2015-07-06,9786985803.5,141880800.0
2015-07-07,9770284172.8,130428000.0
2015-07-08,9778314152.4,151243700.0
2015-07-09,9756864602.6,119098000.0
2015-07-10,9782362033.5,169008200.0
2015-07-11,9774910127.4,126055900.0
2015-07-12,9781722691.1,146546000.0
2015-07-13,9750279154.9,112283600.0
2015-07-14,9699339607.3,97539700.0
2015-07-15,9805560405.4,253126100.0
2015-07-16,9927638302.8,268375900.0
2015-07-17,9993902795.3,213083400.0
2015-07-18,10098687755.5,247222400.0
2015-07-19,10191334622.4,220847800.0
2015-07-20,10317552701.4,263658700.0
2015-07-21,10404824178.6,234908300.0
2015-07-22,10568225262.8,346033000.0
2015-07-23,10665010559.2,290965800.0
2015-07-24,10699945655.7,221080400.0
2015-07-25,10694465100.4,163823600.0
2015-07-26,10687280958.2,138264200.0
2015-07-27,10722569993.1,249290900.0
2015-07-28,10749842828.5,217176700.0
2015-07-29,10787501285.5,291454900.0
2015-07-30,10878767856.4,363354400.0
2015-07-31,10890497294.7,274388200.0
2015-08-01,10937976263.4,221549300.0
2015-08-02,10952997631.7,171593700.0
2015-08-03,10933794498.6,152523900.0
2015-08-04,10915099723.7,162040900.0
2015-08-05,10875577851.6,142181000.0
2015-08-06,10829130610.1,128783800.0
2015-08-07,10807530077.5,123202500.0
2015-08-08,10818961584.8,168936500.0
2015-08-09,10896144391.7,206798100.0
2015-08-10,10910260332.0,162080800.0
2015-08-11,10920471925.9,160656500.0
2015-08-12,10880578367.4,120309000.0
2015-08-13,10875030624.9,152250700.0
2015-08-14,10914610366.7,215768100.0
2015-08-15,10933831369.6,239440500.0
2015-08-16,11019218601.9,362046800.0
2015-08-17,11035931839.1,234800100.0
2015-08-18,11120156403.3,288312800.0
2015-08-19,11132887725.4,175605600.0
2015-08-20,11159595903.8,209482600.0
2015-08-21,11183536079.6,206935700.0
2015-08-22,11178205745.1,141983000.0
2015-08-23,11184832673.3,138079200.0
2015-08-24,11186511595.0,158777000.0
2015-08-25,11210742771.2,165312300.0
2015-08-26,11263380760.3,200681800.0
2015-08-27,11272482013.8,158618500.0
2015-08-28,11286629160.4,169616200.0
2015-08-29,11255527312.9,123699800.0
2015-08-30,11236366787.8,106541200.0
2015-08-31,11216451895.9,129038800.0
2015-09-01,11182144928.8,114305500.0
2015-09-02,11186252277.4,145008100.0
2015-09-03,11149099893.1,110335500.0
2015-09-04,11083557050.1,96276100.0
2015-09-05,11045317076.4,108311600.0
2015-09-06,11133951154.3,218494200.0
2015-09-07,11144151958.4,166597300.0
2015-09-08,11140196692.4,155447100.0
2015-09-09,11111977633.8,122899600.0
2015-09-10,11130370992.5,172606900.0
2015-09-11,11170608514.5,183007000.0
2015-09-12,11145749403.3,115675100.0
2015-09-13,11120009165.3,95111900.0
2015-09-14,11063085568.2,87564000.0
2015-09-15,11003554777.4,97038800.0
2015-09-16,10936553371.4,82330100.0
2015-09-17,10885560710.3,98318200.0
2015-09-18,10838199583.8,103427300.0
2015-09-19,10817654605.6,126421200.0
2015-09-20,10879983537.8,202841500.0
2015-09-21,10841951735.2,120686100.0
2015-09-22,10787922108.1,89430400.0
2015-09-23,10750691821.7,82359900.0
2015-09-24,10712127761.9,94910700.0
2015-09-25,10661157616.9,84172600.0
2015-09-26,10618212015.8,66697100.0
2015-09-27,10578813440.9,62441400.0
2015-09-28,10518172623.0,62757100.0
2015-09-29,10467700427.7,70961600.0
2015-09-30,10432955112.1,77565500.0
2015-10-01,10379465000.0,69590700.0
2015-10-02,10338833000.0,80785000.0
2015-10-03,10339262700.0,117405300.0
2015-10-04,10327958200.0,82203000.0
2015-10-05,10291564300.0,83325300.0
2015-10-06,10287957200.0,67007300.0
2015-10-07,10243668500.0,77681000.0
2015-10-08,10211563100.0,95323500.0
2015-10-09,10185045700.0,97909900.0
2015-10-10,10147050000.0,72267300.0
2015-10-11,10204471000.0,140259800.0
2015-10-12,10216594200.0,89441900.0
2015-10-13,10238607600.0,126518600.0
2015-10-14,10269118900.0,127661400.0
2015-10-15,10327581300.0,183840900.0
2015-10-16,10378898200.0,162056400.0
2015-10-17,10381458800.0,111655200.0
2015-10-18,10390420400.0,110333300.0
2015-10-19,10354404600.0,88643600.0
2015-10-20,10311912300.0,77174000.0
2015-10-21,10274021600.0,80410400.0
2015-10-22,10233183400.0,74995400.0
2015-10-23,10177740500.0,73858500.0
2015-10-24,10175389900.0,103230200.0
2015-10-25,10209356300.0,111325300.0
2015-10-26,10210500400.0,111095100.0
2015-10-27,10189721400.0,90316300.0
2015-10-28,10165665500.0,88038400.0
2015-10-29,10145728900.0,94778700.0
2015-10-30,10128075700.0,95136700.0
2015-10-31,10101280900.0,79092700.0
2015-11-01,10737197000.0,117961200.0
2015-11-02,10793750300.0,135306700.0
2015-11-03,10783681500.0,94030500.0
2015-11-04,10793077700.0,118170200.0
2015-11-05,10849159700.0,169316000.0
2015-11-06,10918603500.0,178009000.0
2015-11-07,11035564000.0,201556200.0
2015-11-08,11139436600.0,174690500.0
2015-11-09,11179997700.0,130712100.0
2015-11-10,11265043400.0,187076200.0
2015-11-11,11282634700.0,119484100.0
2015-11-12,11273478200.0,98627500.0
2015-11-13,11259280500.0,83850800.0
2015-11-14,11251973700.0,91693500.0
2015-11-15,11287505600.0,133541300.0
2015-11-16,11298841200.0,104609500.0
2015-11-17,11331858100.0,145771300.0
2015-11-18,11353644500.0,136924600.0
2015-11-19,11363227300.0,123891500.0
2015-11-20,11388309100.0,139544400.0
2015-11-21,11421559600.0,136506800.0
2015-11-22,11459131800.0,131889100.0
2015-11-23,11487971400.0,136625300.0
2015-11-24,11500222700.0,115923700.0
2015-11-25,11520637600.0,129066800.0
2015-11-26,11511436200.0,102865700.0
2015-11-27,11516310300.0,110591900.0
2015-11-28,11520031200.0,100262500.0
2015-11-29,11529405200.0,92186100.0
2015-11-30,11516892300.0,100634800.0
2015-12-01,11502479500.0,101300700.0
2015-12-02,11466292100.0,85251200.0
2015-12-03,11459629900.0,103717700.0
2015-12-04,11515474800.0,150994700.0
2015-12-05,11524134600.0,113007000.0
2015-12-06,11553511700.0,103469300.0
2015-12-07,11536165000.0,79830600.0
2015-12-08,11523014300.0,77463700.0
2015-12-09,11491988300.0,74951800.0
2015-12-10,11466821700.0,81365600.0
2015-12-11,11415597200.0,68619700.0
2015-12-12,11372745600.0,64359800.0
2015-12-13,11338922200.0,59705900.0
2015-12-14,11296366400.0,66715200.0
2015-12-15,11258285000.0,79295900.0
2015-12-16,11210680400.0,72914900.0
2015-12-17,11185522200.0,90540200.0
2015-12-18,11137240500.0,85102500.0
2015-12-19,11100429900.0,92825700.0
2015-12-20,11072488000.0,72876400.0
2015-12-21,11008600300.0,65812000.0
2015-12-22,10944803100.0,59530400.0
2015-12-23,10874359500.0,56954000.0
2015-12-24,10839210000.0,56427300.0
2015-12-25,10832462700.0,58402800.0
2015-12-26,10804352400.0,53911100.0
2015-12-27,10770513800.0,46685300.0
2015-12-28,10703879700.0,50068500.0
2015-12-29,10646314500.0,49963700.0
2015-12-30,10590745200.0,52488500.0
2015-12-31,10562991600.0,60080700.0
2016-01-01,10555406800.0,63496200.0
2016-01-02,10537372200.0,55776100.0
2016-01-03,10528411200.0,61744800.0
2016-01-04,10507658800.0,70137500.0
2016-01-05,10474679600.0,64121400.0
2016-01-06,10443025100.0,66516300.0
2016-01-07,10412608200.0,66291100.0
2016-01-08,10358767300.0,56916800.0
2016-01-09,10315238900.0,58531700.0
2016-01-10,10281739500.0,55702100.0
2016-01-11,10246219600.0,55021300.0
2016-01-12,10189833700.0,51698900.0
2016-01-13,10131110900.0,57472800.0
2016-01-14,10072280800.0,47998200.0
2016-01-15,10011850300.0,49197100.0
2016-01-16,9961400200.0,48121500.0
2016-01-17,9928000200.0,45333900.0
2016-01-18,9868828700.0,41216600.0
2016-01-19,9805565300.0,42112100.0
2016-01-20,9740519600.0,42335600.0
2016-01-21,9666273700.0,43189600.0
2016-01-22,9601235200.0,47088800.0
2016-01-23,9540321300.0,48413500.0
2016-01-24,9501568000.0,47465300.0
2016-01-25,9437058100.0,46310500.0
2016-01-26,9372846600.0,45038600.0
2016-01-27,9299130800.0,44929900.0
2016-01-28,9217707900.0,43688500.0
2016-01-29,9151407400.0,47299500.0
2016-01-30,9087588800.0,42957700.0
2016-01-31,9037319400.0,39773100.0
2016-02-01,8965653400.0,43195600.0
2016-02-02,8890279800.0,40868300.0
2016-02-03,8807582700.0,43866100.0
2016-02-04,8720948700.0,36780700.0
2016-02-05,8650630600.0,47097800.0
2016-02-06,8594004100.0,43320300.0
2016-02-07,8552558800.0,40647300.0
2016-02-08,8501037000.0,55001700.0
2016-02-09,8449276100.0,52366900.0
2016-02-10,8381432000.0,50756000.0
2016-02-11,8325757200.0,57174700.0
2016-02-12,8272141100.0,56716300.0
2016-02-13,8214967200.0,48221200.0
2016-02-14,8181865900.0,52675600.0
2016-02-15,8116438000.0,47824400.0
2016-02-16,8044894100.0,43779400.0
2016-02-17,8019541100.0,79696800.0
2016-02-18,7967791700.0,52527100.0
2016-02-19,7905144500.0,45676900.0
2016-02-20,7858537700.0,57065100.0
2016-02-21,7889045800.0,99150400.0
2016-02-22,7843090300.0,65537600.0
2016-02-23,7796580100.0,67758700.0
2016-02-24,7741071500.0,54552300.0
2016-02-25,7699703800.0,68173600.0
2016-02-26,7654177300.0,60108800.0
2016-02-27,7621992200.0,61497800.0
2016-02-28,7587398100.0,48180300.0
2016-02-29,7522569400.0,45490900.0
2016-03-01,7456206800.0,45421100.0
2016-03-02,7394639500.0,46482500.0
2016-03-03,7337011000.0,56271800.0
2016-03-04,7286691900.0,59948800.0
2016-03-05,7238830300.0,54530100.0
2016-03-06,7234727100.0,67143400.0
2016-03-07,7194875600.0,55494000.0
2016-03-08,7161121800.0,61398600.0
2016-03-09,7127717100.0,57312300.0
2016-03-10,7090203400.0,52917900.0
2016-03-11,7059141400.0,59680800.0
2016-03-12,7052106900.0,72388700.0
2016-03-13,7050430100.0,60744300.0
2016-03-14,7020827000.0,65546700.0
2016-03-15,6988404200.0,58702900.0
2016-03-16,6950762200.0,52825100.0
2016-03-17,6961478700.0,95579000.0
2016-03-18,6955972700.0,87299900.0
2016-03-19,6948130400.0,77517400.0
2016-03-20,6980415000.0,92679400.0
2016-03-21,6986135100.0,77882300.0
2016-03-22,6965183000.0,69651800.0
2016-03-23,6941855900.0,67624500.0
2016-03-24,6920571100.0,61607000.0
2016-03-25,6894878800.0,50287600.0
2016-03-26,6859521100.0,47210800.0
2016-03-27,6846466200.0,59224300.0
2016-03-28,6803200800.0,52809100.0
2016-03-29,6765337100.0,51652100.0
2016-03-30,6742607800.0,68065400.0
2016-03-31,6732808900.0,75202700.0
2016-04-01,6715669400.0,79204600.0
2016-04-02,6760959700.0,120171800.0
2016-04-03,6837784600.0,135858700.0
2016-04-04,6898597600.0,204128300.0
2016-04-05,6937589100.0,129696500.0
2016-04-06,6933379700.0,103478900.0
2016-04-07,6915129200.0,83440000.0
2016-04-08,6910434300.0,103965500.0
2016-04-09,6981750400.0,156104200.0
2016-04-10,7038413100.0,143040800.0
2016-04-11,7047944800.0,122859800.0
2016-04-12,7120655700.0,189941600.0
2016-04-13,7152054200.0,166204000.0
2016-04-14,7130643900.0,124023100.0
2016-04-15,7076125800.0,96632800.0
2016-04-16,7039279700.0,109635300.0
2016-04-17,7048685000.0,134080400.0
2016-04-18,7018160900.0,125799500.0
2016-04-19,6948399200.0,89351600.0
2016-04-20,6888205600.0,90806900.0
2016-04-21,6835138700.0,98139400.0
2016-04-22,6817107000.0,136457000.0
2016-04-23,6789503500.0,112807300.0
2016-04-24,6810881700.0,142878400.0
2016-04-25,6810971700.0,146437400.0
2016-04-26,6799042500.0,135476300.0
2016-04-27,6825512300.0,158126100.0
2016-04-28,6876219200.0,193568400.0
2016-04-29,6966040000.0,241197800.0
2016-04-30,7006428300.0,177291900.0
2016-05-01,7075425800.0,185507800.0
2016-05-02,7096134400.0,165512200.0
2016-05-03,7087221800.0,143929800.0
2016-05-04,7103946400.0,171186600.0
2016-05-05,7070052000.0,120457400.0
2016-05-06,7080725400.0,167895700.0
2016-05-07,7102596000.0,176526900.0
2016-05-08,7134882300.0,155034200.0
2016-05-09,7206710500.0,209489000.0
2016-05-10,7268159500.0,237395600.0
2016-05-11,7291297600.0,168105200.0
2016-05-12,7271034600.0,141137600.0
2016-05-13,7267477000.0,170825300.0
2016-05-14,7244686300.0,138885700.0
2016-05-15,7247293500.0,152320500.0
2016-05-16,7215475800.0,138333400.0
2016-05-17,7245881200.0,197087400.0
2016-05-18,7250803000.0,173510600.0
2016-05-19,7266462800.0,186624500.0
2016-05-20,7235180700.0,130545000.0
2016-05-21,7214598400.0,131291900.0
2016-05-22,7195462300.0,124727000.0
2016-05-23,7169610900.0,127945900.0
2016-05-24,7248564800.0,264127700.0
2016-05-25,7273180900.0,188570700.0
2016-05-26,7332758500.0,225189500.0
2016-05-27,7353868900.0,166167300.0
2016-05-28,7422238300.0,227129800.0
2016-05-29,7545569700.0,247366300.0
2016-05-30,7595347300.0,181035300.0
2016-05-31,7684791800.0,233845100.0
2016-06-01,7713790200.0,165887100.0
2016-06-02,7732443700.0,157670800.0
2016-06-03,7757433900.0,169882200.0
2016-06-04,7777695800.0,173583500.0
2016-06-05,7775896000.0,129929300.0
2016-06-06,7755324100.0,117353700.0
2016-06-07,7741257400.0,142174900.0
2016-06-08,7720539000.0,129499000.0
2016-06-09,7681043300.0,135102000.0
2016-06-10,7758115600.0,168895700.0
2016-06-11,7757306300.0,145810400.0
2016-06-12,7694255400.0,132744800.0
2016-06-13,7677445600.0,146477400.0
2016-06-14,7671737800.0,134838600.0
2016-06-15,7674972500.0,146408900.0
2016-06-16,7672266700.0,163522400.0
2016-06-17,7664252500.0,140199400.0
2016-06-18,7640962100.0,129380500.0
2016-06-19,7705068400.0,194671700.0
2016-06-20,7777572800.0,230031400.0
2016-06-21,7852868000.0,222677600.0
2016-06-22,7872354900.0,182730300.0
2016-06-23,7881202200.0,165300300.0
2016-06-24,7955767500.0,234183800.0
2016-06-25,8022493400.0,220869100.0
2016-06-26,8146915700.0,257890100.0
2016-06-27,8163392700.0,167423200.0
2016-06-28,8152191000.0,159123900.0
2016-06-29,8151017700.0,186254900.0
2016-06-30,8185401900.0,202257900.0
2016-07-01,8283142900.0,270475900.0
2016-07-02,8374138800.0,252916600.0
2016-07-03,8537316200.0,310386700.0
2016-07-04,8628124200.0,226895900.0
2016-07-05,8710404600.0,233257900.0
2016-07-06,8962960100.0,420360000.0
2016-07-07,9065186700.0,276528300.0
2016-07-08,9093588500.0,189154800.0
2016-07-09,9090712400.0,146997700.0
2016-07-10,9087535800.0,135733200.0
2016-07-11,9124741500.0,196364700.0
2016-07-12,9157528900.0,185136000.0
2016-07-13,9162129900.0,157183600.0
2016-07-14,9152092900.0,140719700.0
2016-07-15,9226957600.0,230678700.0
2016-07-16,9268342300.0,188119700.0
2016-07-17,9280892900.0,143704800.0
2016-07-18,9349226800.0,245110800.0
2016-07-19,9350040500.0,159966800.0
2016-07-20,9421176000.0,216180200.0
2016-07-21,9453765200.0,204192900.0
2016-07-22,9490935000.0,188165600.0
2016-07-23,9550099500.0,206690000.0
2016-07-24,9593094400.0,173920100.0
2016-07-25,9622001000.0,174508900.0
2016-07-26,9597384300.0,145972700.0
2016-07-27,9672638700.0,278487400.0
2016-07-28,9703601100.0,198097600.0
2016-07-29,9697618500.0,167891600.0
2016-07-30,9683223700.0,145505600.0
2016-07-31,9705207500.0,163276300.0
2016-08-01,9714714100.0,171970200.0
2016-08-02,9711521200.0,159901100.0
2016-08-03,9713255600.0,160489000.0
2016-08-04,9712762900.0,166811300.0
2016-08-05,9698484800.0,137900200.0
2016-08-06,9644182700.0,111103900.0
2016-08-07,9628364500.0,112838000.0
2016-08-08,9595786600.0,150549700.0
2016-08-09,9579649800.0,140457400.0
2016-08-10,9561825300.0,146498100.0
2016-08-11,9541050700.0,147846000.0
2016-08-12,9512458100.0,129797600.0
2016-08-13,9515019400.0,161967000.0
2016-08-14,9502938400.0,125894000.0
2016-08-15,9532234100.0,179469900.0
2016-08-16,9516907500.0,149797300.0
2016-08-17,9551854200.0,214276700.0
2016-08-18,9747593700.0,389964200.0
2016-08-19,9788476800.0,207228400.0
2016-08-20,9772615300.0,145103800.0
2016-08-21,9759136200.0,125063100.0
2016-08-22,9738622400.0,151298000.0
2016-08-23,9710078100.0,137491500.0
2016-08-24,9700031100.0,138815900.0
2016-08-25,9669706500.0,118214500.0
2016-08-26,9674270400.0,153039000.0
2016-08-27,9729730800.0,201372100.0
2016-08-28,9786008700.0,165531300.0
2016-08-29,9748662700.0,117343900.0
2016-08-30,9763371300.0,190736600.0
2016-08-31,9733165600.0,129762900.0
2016-09-01,9850762200.0,299613500.0
2016-09-02,9870546000.0,178463300.0
2016-09-03,9856503900.0,142739200.0
2016-09-04,9869972800.0,156677300.0
2016-09-05,9877672100.0,174046500.0
2016-09-06,9915808000.0,190731700.0
2016-09-07,9998631800.0,244958700.0
2016-09-08,10011854700.0,159469000.0
2016-09-09,10009913000.0,146247200.0
2016-09-10,10058219700.0,184830600.0
2016-09-11,10223017000.0,312604400.0
2016-09-12,10325443500.0,242960100.0
2016-09-13,10322091200.0,161423300.0
2016-09-14,10396570700.0,243086200.0
2016-09-15,10522853600.0,305630200.0
2016-09-16,10518471800.0,169530600.0
2016-09-17,10489301100.0,135034500.0
2016-09-18,10482514900.0,140970200.0
2016-09-19,10493005700.0,174844100.0
2016-09-20,10459381500.0,136291500.0
2016-09-21,10502047900.0,225426900.0
2016-09-22,10480466400.0,143850800.0
2016-09-23,10467711600.0,141625000.0
2016-09-24,10521741000.0,244156900.0
2016-09-25,10626207600.0,263594300.0
2016-09-26,10648792200.0,173784000.0
2016-09-27,10692500600.0,223134600.0
2016-09-28,10681863400.0,172355000.0
2016-09-29,10645794600.0,136163700.0
2016-09-30,10619579900.0,136820000.0
2016-10-01,10636003000.0,159320100.0
2016-10-02,10671881500.0,157556400.0
2016-10-03,10654250600.0,131443400.0
2016-10-04,10625250000.0,144858600.0
2016-10-05,10600437600.0,133841100.0
2016-10-06,10570119000.0,135045800.0
2016-10-07,10555762100.0,147554800.0
2016-10-08,10566198600.0,166013400.0
2016-10-09,10586979000.0,155518000.0
2016-10-10,10649458300.0,220313700.0
2016-10-11,10674607900.0,185672100.0
2016-10-12,10771654400.0,250333700.0
2016-10-13,10785686200.0,157388100.0
2016-10-14,10850863100.0,213314300.0
2016-10-15,10870925800.0,163244600.0
2016-10-16,10923114800.0,182678800.0
2016-10-17,10971041300.0,171848200.0
2016-10-18,11013918600.0,182254300.0
2016-10-19,10992965100.0,135022700.0
2016-10-20,10994077200.0,159211900.0
2016-10-21,10980043200.0,141863500.0
2016-10-22,10989307700.0,160811100.0
2016-10-23,10997033000.0,130310100.0
2016-10-24,10975677300.0,124458200.0
2016-10-25,11007653100.0,177883400.0
2016-10-26,11049252500.0,174324500.0
2016-10-27,11119300000.0,213537500.0
2016-10-28,11178558600.0,208827000.0
2016-10-29,11287055900.0,255176400.0
2016-10-30,11319990900.0,151494400.0
2016-10-31,11326475100.0,155200500.0
2016-11-01,11353131800.0,185193900.0
2016-11-02,11372326700.0,169294200.0
2016-11-03,11359651500.0,149788500.0
2016-11-04,11349640200.0,155472300.0
2016-11-05,11361932300.0,168315000.0
2016-11-06,11388592100.0,175302300.0
2016-11-07,11434097000.0,182802100.0
2016-11-08,11440798100.0,167120200.0
2016-11-09,11447789700.0,161926800.0
2016-11-10,11465940000.0,180065500.0
2016-11-11,11651569000.0,390974400.0
2016-11-12,11702009400.0,201022600.0
2016-11-13,11747844800.0,179800600.0
2016-11-14,11831923100.0,218716100.0
2016-11-15,11899517500.0,233685000.0
2016-11-16,11960897100.0,225051800.0
2016-11-17,12008591400.0,216222000.0
2016-11-18,12047063200.0,213298900.0
2016-11-19,12148771600.0,293362400.0
2016-11-20,12247725000.0,261685400.0
2016-11-21,12254760300.0,180129300.0
2016-11-22,12234817100.0,152803800.0
2016-11-23,12195969300.0,141663600.0
2016-11-24,12184255100.0,168826900.0
2016-11-25,12228685700.0,215634600.0
2016-11-26,12266859000.0,203954800.0
2016-11-27,12337147600.0,227973100.0
2016-11-28,12390165500.0,220790700.0
2016-11-29,12508118100.0,284336400.0
2016-11-30,12529356500.0,176552600.0
2016-12-01,12596021200.0,223131100.0
2016-12-02,12706368700.0,241633200.0
2016-12-03,12825106300.0,274260100.0
2016-12-04,12906999000.0,243945400.0
2016-12-05,12946855700.0,225212100.0
2016-12-06,12948303400.0,201937100.0
2016-12-07,12896086600.0,173638300.0
2016-12-08,12922386800.0,201255900.0
2016-12-09,12900174800.0,165729500.0
2016-12-10,12939286300.0,206746100.0
2016-12-11,12976335700.0,198350900.0
2016-12-12,12949654300.0,144757000.0
2016-12-13,12913574500.0,136499400.0
2016-12-14,12898031200.0,157340200.0
2016-12-15,12855161200.0,127089300.0
2016-12-16,12807152800.0,120757400.0
2016-12-17,12775695900.0,125069000.0
2016-12-18,12761534100.0,125634800.0
2016-12-19,12707089600.0,110082800.0
2016-12-20,12666099600.0,111084500.0
2016-12-21,12696239900.0,173572600.0
2016-12-22,12701566400.0,148265700.0
2016-12-23,12698215800.0,139872400.0
2016-12-24,12720356200.0,141269500.0
2016-12-25,12723996700.0,124486600.0
2016-12-26,12690110300.0,124650400.0
2016-12-27,12670849700.0,139561600.0
2016-12-28,12646622600.0,122065900.0
2016-12-29,12592629800.0,105104000.0
2016-12-30,12571476700.0,132706300.0
2016-12-31,12585514200.0,158507200.0
2017-01-01,12592867900.0,137712300.0
2017-01-02,12563829000.0,125385900.0
2017-01-03,12443763000.0,100514800.0
2017-01-04,12435892400.0,99264800.0
2017-01-05,12395946100.0,122459500.0
2017-01-06,12340973200.0,110019300.0
2017-01-07,12299540800.0,116773800.0
2017-01-08,12328582400.0,183269000.0
2017-01-09,12344079600.0,162421800.0
2017-01-10,12329099200.0,149167100.0
2017-01-11,12317741900.0,145275600.0
2017-01-12,12294819400.0,135559900.0
2017-01-13,12270612200.0,144937400.0
2017-01-14,12244126300.0,130270300.0
2017-01-15,12220175100.0,116190000.0
2017-01-16,12173251600.0,115480400.0
2017-01-17,12125235700.0,129944800.0
2017-01-18,12112413200.0,154202600.0
2017-01-19,12095171900.0,153341500.0
2017-01-20,12064563000.0,141442800.0
2017-01-21,12062083400.0,156895500.0
2017-01-22,12040312700.0,123140300.0
2017-01-23,11981023100.0,100860500.0
2017-01-24,11906938800.0,90869900.0
2017-01-25,11826653400.0,87623800.0
2017-01-26,11771871600.0,116456700.0
2017-01-27,11730720300.0,130582700.0
2017-01-28,11688591300.0,121760400.0
2017-01-29,11651162700.0,110837400.0
2017-01-30,11619974300.0,146414800.0
2017-01-31,11559514700.0,100985000.0
2017-02-01,11509462000.0,104966400.0
2017-02-02,11410773800.0,90912600.0
2017-02-03,11357580200.0,88538500.0
2017-02-04,11274182300.0,86882500.0
2017-02-05,11207577900.0,87321100.0
2017-02-06,11322974000.0,79784700.0
2017-02-07,11213659000.0,64335100.0
2017-02-08,11094662400.0,66050100.0
2017-02-09,10989271400.0,68591500.0
2017-02-10,10892163700.0,71713600.0
2017-02-11,10806000600.0,83742100.0
2017-02-12,10759303000.0,94658700.0
2017-02-13,10688151900.0,94827300.0
2017-02-14,10603287200.0,73603700.0
2017-02-15,10510998800.0,62891100.0
2017-02-16,10413615500.0,64218900.0
2017-02-17,10338167000.0,73935000.0
2017-02-18,10246325600.0,68433100.0
2017-02-19,10164832000.0,61301600.0
2017-02-20,10066946500.0,65021500.0
2017-02-21,9975352300.0,66489300.0
2017-02-22,9888841600.0,74993000.0
2017-02-23,9801050100.0,74542700.0
2017-02-24,9743105400.0,102071800.0
2017-02-25,9682214600.0,98606000.0
2017-02-26,9653088400.0,108636100.0
2017-02-27,9602124100.0,107894700.0
2017-02-28,9535726100.0,88872800.0
2017-03-01,9478894500.0,93428600.0
2017-03-02,9437415500.0,113600500.0
2017-03-03,9395806700.0,108144400.0
2017-03-04,9350504100.0,95416400.0
2017-03-05,9322866500.0,95774900.0
2017-03-06,9274642200.0,107194700.0
2017-03-07,9250936400.0,132223400.0
2017-03-08,9256002200.0,181674400.0
2017-03-09,9258821200.0,161911700.0
2017-03-10,9243319300.0,153855800.0
2017-03-11,9226507100.0,136685700.0
2017-03-12,9303471100.0,205372600.0
2017-03-13,9328854800.0,168616300.0
2017-03-14,9354530300.0,171053800.0
2017-03-15,9399547700.0,187964800.0
2017-03-16,9386742700.0,146478200.0
2017-03-17,9339837500.0,120678500.0
2017-03-18,9306735800.0,118478400.0
2017-03-19,9295324600.0,123952700.0
2017-03-20,9270514300.0,120465700.0
2017-03-21,9237036200.0,124542300.0
2017-03-22,9240934500.0,165707300.0
2017-03-23,9345980300.0,262529100.0
2017-03-24,9409693100.0,236481400.0
2017-03-25,9436296000.0,203072000.0
2017-03-26,9639583400.0,390408000.0
2017-03-27,9745358500.0,311152200.0
2017-03-28,9816571800.0,293971600.0
2017-03-29,9884646700.0,313686300.0
2017-03-30,9962072300.0,304941800.0
2017-03-31,10113627600.0,369797100.0
2017-04-01,10241472700.0,332978600.0
2017-04-02,10349307600.0,212079700.0
2017-04-03,10278782200.0,176137400.0
2017-04-04,10237829600.0,139033700.0
2017-04-05,10180388000.0,120222100.0
2017-04-06,10113340100.0,107375600.0
2017-04-07,10064808700.0,116145900.0
2017-04-08,10016712900.0,110043200.0
2017-04-09,10050182800.0,173155000.0
2017-04-10,10040558800.0,146022300.0
2017-04-11,10030525200.0,149818700.0
2017-04-12,10054724800.0,186876900.0
2017-04-13,10076695700.0,174073400.0
2017-04-14,10132385800.0,191073100.0
2017-04-15,10124081200.0,140037600.0
2017-04-16,10118856100.0,134762700.0
2017-04-17,10121738200.0,176112800.0
2017-04-18,10098253500.0,150147000.0
2017-04-19,10142114700.0,207481100.0
2017-04-20,10155909700.0,173865200.0
2017-04-21,10219360600.0,248721900.0
2017-04-22,10212005200.0,161804300.0
2017-04-23,10189990400.0,130706200.0
2017-04-24,10153105900.0,133173600.0
2017-04-25,10119551100.0,151140600.0
2017-04-26,10166768800.0,253914900.0
2017-04-27,10123534700.0,141909800.0
2017-04-28,10064492800.0,120844900.0
2017-04-29,10012769300.0,123726000.0
2017-04-30,10058287500.0,197552100.0
2017-05-01,10103566100.0,194943000.0
2017-05-02,10176181900.0,257640400.0
2017-05-03,10180930600.0,189159100.0
2017-05-04,10220532000.0,229559400.0
2017-05-05,10271742300.0,226551700.0
2017-05-06,10482883700.0,429693500.0
2017-05-07,10591936500.0,287031600.0
2017-05-08,10756067500.0,408884000.0
2017-05-09,10813048300.0,295138200.0
2017-05-10,10966802500.0,395071200.0
2017-05-11,11087567600.0,338703700.0
2017-05-12,11197365300.0,322806600.0
2017-05-13,11325304900.0,370098500.0
2017-05-14,11495102200.0,415122100.0
2017-05-15,11664301600.0,476524100.0
2017-05-16,11805775200.0,449796000.0
2017-05-17,11868909800.0,377421500.0
2017-05-18,11959348900.0,427235800.0
2017-05-19,11993093400.0,288668800.0
2017-05-20,12049894700.0,275886300.0
2017-05-21,12135866900.0,276843300.0
2017-05-22,12244969600.0,300706300.0
2017-05-23,12259049900.0,212639100.0
2017-05-24,12265146800.0,199643300.0
2017-05-25,12260547400.0,184868200.0
2017-05-26,12237939600.0,157230900.0
2017-05-27,12242154300.0,167270500.0
2017-05-28,12251241900.0,142167900.0
2017-05-29,12266679100.0,147341200.0
2017-05-30,12291193600.0,217131700.0
2017-05-31,12304581900.0,204148900.0
2017-06-01,12314204600.0,228931300.0
2017-06-02,12341783100.0,214589900.0
2017-06-03,12304588300.0,133265300.0
2017-06-04,12323890000.0,171610500.0
2017-06-05,12364183300.0,230468400.0
2017-06-06,12331778800.0,146013300.0
2017-06-07,12476514900.0,342984300.0
2017-06-08,12543182100.0,251505600.0
2017-06-09,12576119900.0,212628000.0
2017-06-10,12573249000.0,183305300.0
2017-06-11,12620812700.0,209698200.0
2017-06-12,12699131800.0,304566200.0
2017-06-13,12844274800.0,426481000.0
2017-06-14,12882884500.0,283089700.0
2017-06-15,13040643100.0,435645400.0
2017-06-16,13067597400.0,256178600.0
2017-06-17,13108514200.0,264925900.0
2017-06-18,13151304200.0,232335200.0
2017-06-19,13199369300.0,244818900.0
2017-06-20,13237574800.0,241540600.0
2017-06-21,13314828200.0,287800400.0
2017-06-22,13337111400.0,215058400.0
2017-06-23,13366670800.0,229859800.0
2017-06-24,13361239100.0,178548000.0
2017-06-25,13372228300.0,178094400.0
2017-06-26,13424947400.0,240972500.0
2017-06-27,13460908400.0,255747700.0
2017-06-28,13463660300.0,218411600.0
2017-06-29,13434043200.0,169380100.0
2017-06-30,13478367900.0,250635500.0
2017-07-01,13492411200.0,217551600.0
2017-07-02,13504131400.0,226858600.0
2017-07-03,13516162200.0,194828400.0
2017-07-04,13511714700.0,182070500.0
2017-07-05,13490276500.0,165339000.0
2017-07-06,13500274900.0,226339000.0
2017-07-07,13478086900.0,160919200.0
2017-07-08,13466263100.0,166017600.0
2017-07-09,13501162000.0,200636100.0
2017-07-10,13523374800.0,206828300.0
2017-07-11,13559541900.0,217354200.0
2017-07-12,13595359900.0,235427600.0
2017-07-13,13589130400.0,182437600.0
2017-07-14,13577435300.0,165476100.0
2017-07-15,13574353200.0,180551500.0
2017-07-16,13574007400.0,164438400.0
2017-07-17,13551240300.0,168989600.0
2017-07-18,13588447300.0,260352500.0
2017-07-19,13635391300.0,254682800.0
2017-07-20,13700170700.0,249389800.0
2017-07-21,13678625100.0,161713800.0
2017-07-22,13642922600.0,144023400.0
2017-07-23,13646132200.0,181630800.0
2017-07-24,13597046400.0,155177000.0
2017-07-25,13643015300.0,284845100.0
2017-07-26,13661228200.0,235209700.0
2017-07-27,13654358000.0,200910100.0
2017-07-28,13696966500.0,223248600.0
2017-07-29,13712573800.0,182237700.0
2017-07-30,13775996300.0,217075300.0
2017-07-31,13789868900.0,199376200.0
2017-08-01,13768021600.0,168874900.0
2017-08-02,13725580900.0,142458100.0
2017-08-03,13664063800.0,131181700.0
2017-08-04,13677371300.0,216288500.0
2017-08-05,13639372000.0,143252900.0
2017-08-06,13607760800.0,124430700.0
2017-08-07,13588849400.0,152152300.0
2017-08-08,13558404500.0,183823300.0
2017-08-09,13596951300.0,245790600.0
2017-08-10,13548654900.0,154577400.0
2017-08-11,13526135400.0,167184500.0
2017-08-12,13536085500.0,201512200.0
2017-08-13,13490647900.0,123764800.0
2017-08-14,13413790900.0,110762900.0
2017-08-15,13346470000.0,116981700.0
2017-08-16,13319551600.0,158409100.0
2017-08-17,13259171400.0,122308800.0
2017-08-18,13190827700.0,124662500.0
2017-08-19,13188031400.0,171935100.0
2017-08-20,13180144200.0,159547700.0
2017-08-21,13145895400.0,136030800.0
2017-08-22,13098481100.0,146627300.0
2017-08-23,13045528100.0,121202200.0
2017-08-24,13037066400.0,165668400.0
2017-08-25,12990203500.0,123340700.0
2017-08-26,12964395300.0,127955200.0
2017-08-27,12965336200.0,155211100.0
2017-08-28,12918314300.0,127059000.0
2017-08-29,12923407000.0,176842500.0
2017-08-30,12971250600.0,218395700.0
2017-08-31,12984738600.0,180923500.0
2017-09-01,12947762900.0,122891100.0
2017-09-02,12950291200.0,178647900.0
2017-09-03,12941797000.0,133610200.0
2017-09-04,12883254800.0,117428100.0
2017-09-05,12846018700.0,140068900.0
2017-09-06,12808100700.0,138019600.0
2017-09-07,12785908800.0,147571400.0
2017-09-08,12776346900.0,169446500.0
2017-09-09,12788090800.0,173653300.0
2017-09-10,12872820500.0,220404300.0
2017-09-11,12849949100.0,144243100.0
2017-09-12,12841552500.0,158061300.0
2017-09-13,12835440100.0,169292500.0
2017-09-14,12823462400.0,146422400.0
2017-09-15,12855064500.0,192609800.0
2017-09-16,12915062100.0,267197200.0
2017-09-17,12979970400.0,248365300.0
2017-09-18,12971775700.0,159267900.0
2017-09-19,12951132300.0,155055100.0
2017-09-20,12939798700.0,165199900.0
2017-09-21,12879695700.0,114036900.0
2017-09-22,12845167000.0,139344500.0
2017-09-23,12891454000.0,216524700.0
2017-09-24,12900897400.0,164795100.0
2017-09-25,12855416400.0,142973400.0
2017-09-26,12833962200.0,129098900.0
2017-09-27,12765273700.0,107756700.0
2017-09-28,12731210400.0,150788900.0
2017-09-29,12717653400.0,181372000.0
2017-09-30,12743729900.0,199565900.0
2017-10-01,12746963300.0,151196200.0
2017-10-02,12789876500.0,210218300.0
2017-10-03,12806016300.0,196502600.0
2017-10-04,12858167300.0,222693900.0
2017-10-05,12856541800.0,176212500.0
2017-10-06,12845071900.0,155016300.0
2017-10-07,12823148600.0,134532500.0
2017-10-08,12790432800.0,119787100.0
2017-10-09,12738119600.0,133159200.0
2017-10-10,12706856900.0,142745400.0
2017-10-11,12693262700.0,170186000.0
2017-10-12,12634016100.0,120959000.0
2017-10-13,12576893100.0,122915600.0
2017-10-14,12541728200.0,126740000.0
2017-10-15,12527894900.0,124114200.0
2017-10-16,12493626700.0,134960100.0
2017-10-17,12421144900.0,109308600.0
2017-10-18,12355053000.0,107337000.0
2017-10-19,12287927400.0,110521900.0
2017-10-20,12230212600.0,117886000.0
2017-10-21,12194326100.0,130178800.0
2017-10-22,12204220500.0,162601500.0
2017-10-23,12168507500.0,128488900.0
2017-10-24,12117069600.0,116491200.0
2017-10-25,12053966100.0,108687800.0
2017-10-26,12035896200.0,158733700.0
2017-10-27,11988715900.0,124747800.0
2017-10-28,12013251400.0,184425600.0
2017-10-29,12125800700.0,250481800.0
2017-10-30,12130555100.0,169404800.0
2017-10-31,12122485300.0,167505600.0
2017-11-01,12098181300.0,162629100.0
2017-11-02,12067825200.0,151647100.0
2017-11-03,12058572200.0,173983700.0
2017-11-04,12145883800.0,263967400.0
2017-11-05,12167286800.0,160632300.0
2017-11-06,12171671300.0,146183800.0
2017-11-07,12131275800.0,121453700.0
2017-11-08,12125415100.0,174323500.0
2017-11-09,12120491300.0,162087300.0
2017-11-10,12118499200.0,167527200.0
2017-11-11,12138039200.0,177263300.0
2017-11-12,12142998400.0,144301500.0
2017-11-13,12124547100.0,131133200.0
2017-11-14,12119581900.0,156915700.0
2017-11-15,12203446700.0,263955100.0
2017-11-16,12300970600.0,287076200.0
2017-11-17,12353823300.0,255313800.0
2017-11-18,12442302800.0,273367500.0
2017-11-19,12557092500.0,296386200.0
2017-11-20,12602474400.0,273846100.0
2017-11-21,12604887700.0,230998800.0
2017-11-22,12590850300.0,173817100.0
2017-11-23,12570020700.0,167400800.0
2017-11-24,12576474900.0,196866700.0
2017-11-25,12587553100.0,186948600.0
2017-11-26,12598778400.0,152949000.0
2017-11-27,12559812900.0,145020000.0
2017-11-28,12519752900.0,140168600.0
2017-11-29,12476003700.0,133569800.0
2017-11-30,12431907900.0,132219200.0
2017-12-01,12409977200.0,152276700.0
2017-12-02,12419324600.0,175970900.0
2017-12-03,12413370000.0,157071000.0
2017-12-04,12383895600.0,149354000.0
2017-12-05,12365148400.0,171097400.0
2017-12-06,12295565600.0,119471000.0
2017-12-07,12238897300.0,119040900.0
2017-12-08,12206404500.0,144137600.0
2017-12-09,12232542000.0,223473400.0
2017-12-10,12251841700.0,173874000.0
2017-12-11,12234710800.0,169560300.0
2017-12-12,12237669300.0,181025800.0
2017-12-13,12174073700.0,131653400.0
2017-12-14,12141531400.0,107138000.0
2017-12-15,12069229500.0,99727200.0
2017-12-16,12005522000.0,102782700.0
2017-12-17,11943315400.0,85988700.0
2017-12-18,11846864500.0,85949200.0
2017-12-19,11736594600.0,74522000.0
2017-12-20,11630509200.0,81518800.0
2017-12-21,11523848100.0,79946600.0
2017-12-22,11424622200.0,77291800.0
2017-12-23,11339499100.0,80408600.0
2017-12-24,11277294100.0,88952500.0
2017-12-25,11238654700.0,94647000.0
2017-12-26,11175594200.0,99156700.0
2017-12-27,11154610500.0,132154000.0
2017-12-28,11112111600.0,115223300.0
2017-12-29,11087769200.0,127512000.0
2017-12-30,11081160000.0,131999700.0
2017-12-31,11091032000.0,131455800.0
2018-01-01,11113080100.0,130937300.0
2018-01-02,11131663000.0,136647500.0
2018-01-03,11144394400.0,150155200.0
2018-01-04,11146180700.0,142374700.0
2018-01-05,11147887700.0,148188600.0
2018-01-06,11134728700.0,118149000.0
2018-01-07,11118543800.0,104971100.0
2018-01-08,11086978300.0,92414800.0
2018-01-09,11087451900.0,140787400.0
2018-01-10,11097500400.0,154571600.0
2018-01-11,11079501400.0,137369700.0
2018-01-12,11086928100.0,157083500.0
2018-01-13,11027463600.0,111845900.0
2018-01-14,11016011400.0,113172000.0
2018-01-15,10987592300.0,120374200.0
2018-01-16,10954067800.0,121159500.0
2018-01-17,10947353600.0,141942200.0
2018-01-18,10959630400.0,166318700.0
2018-01-19,10990302600.0,190171700.0
2018-01-20,10981924900.0,148490100.0
2018-01-21,10955538800.0,118957000.0
2018-01-22,10893575500.0,96125900.0
2018-01-23,10829485100.0,96965300.0
2018-01-24,10764615500.0,90643300.0
2018-01-25,10672158000.0,74860500.0
2018-01-26,10590756400.0,78383000.0
2018-01-27,10515722500.0,80990200.0
2018-01-28,10470735100.0,88601000.0
2018-01-29,10384388500.0,77127400.0
2018-01-30,10302242700.0,89635400.0
2018-01-31,10204164100.0,77319500.0
2018-02-01,10108590100.0,69382700.0
2018-02-02,10043898100.0,85310400.0
2018-02-03,10005722900.0,105648500.0
2018-02-04,9968813800.0,80024900.0
2018-02-05,9903972300.0,75811200.0
2018-02-06,9837778100.0,82111200.0
2018-02-07,9773109800.0,77758300.0
2018-02-08,9686675900.0,68023900.0
2018-02-09,9596852300.0,62851500.0
2018-02-10,9533488500.0,70651400.0
2018-02-11,9504624000.0,80385200.0
2018-02-12,9463064300.0,85690700.0
2018-02-13,9406090000.0,76566100.0
2018-02-14,9352483000.0,77987200.0
2018-02-15,9297844500.0,83664500.0
2018-02-16,9237215000.0,83143800.0
2018-02-17,9179236900.0,84769000.0
2018-02-18,9136528100.0,85537100.0
2018-02-19,9077440300.0,94410600.0
2018-02-20,8999376400.0,80935000.0
2018-02-21,8926701900.0,89111200.0
2018-02-22,8862228000.0,82434900.0
2018-02-23,8815039800.0,96245100.0
2018-02-24,8785641300.0,106583400.0
2018-02-25,8760372500.0,93549100.0
2018-02-26,8689888700.0,85032200.0
2018-02-27,8614937300.0,75621700.0
2018-02-28,8521475400.0,66988100.0
2018-03-01,8415708200.0,61643600.0
2018-03-02,8329973100.0,76266400.0
2018-03-03,8250132700.0,74986600.0
2018-03-04,8188297200.0,80048200.0
2018-03-05,8146528900.0,102049400.0
2018-03-06,8085246500.0,103958000.0
2018-03-07,8013861700.0,91086100.0
2018-03-08,7966525000.0,126731200.0
2018-03-09,7893903300.0,98650100.0
2018-03-10,7812987600.0,74144500.0
2018-03-11,7742611400.0,63848800.0
2018-03-12,7635516600.0,58482800.0
2018-03-13,7556156700.0,74704000.0
2018-03-14,7478229500.0,72346400.0
2018-03-15,7409081400.0,71257500.0
2018-03-16,7349292500.0,74197200.0
2018-03-17,7275749000.0,67028800.0
2018-03-18,7231651300.0,80018400.0
2018-03-19,7188357200.0,84940900.0
2018-03-20,7130019200.0,90859500.0
2018-03-21,7079261300.0,89824400.0
2018-03-22,7012144600.0,80685800.0
2018-03-23,6953348500.0,95402400.0
2018-03-24,6913178800.0,114871900.0
2018-03-25,6896172000.0,133571700.0
2018-03-26,6852857300.0,119812700.0
2018-03-27,6811728800.0,122606500.0
2018-03-28,6770755200.0,121542200.0
2018-03-29,6798646600.0,163300200.0
2018-03-30,6776427000.0,117222400.0
2018-03-31,6821042800.0,184017900.0
2018-04-01,6923635400.0,251685600.0
2018-04-02,6996632500.0,238055600.0
2018-04-03,7074830900.0,242118500.0
2018-04-04,7160762600.0,282791200.0
2018-04-05,7210705900.0,243287100.0
2018-04-06,7313529300.0,292819600.0
2018-04-07,7327774100.0,207917200.0
2018-04-08,7366335400.0,201764200.0
2018-04-09,7356060300.0,178990000.0
2018-04-10,7357537100.0,191405800.0
2018-04-11,7371363200.0,205811600.0
2018-04-12,7418657500.0,251590600.0
2018-04-13,7468470300.0,262653600.0
2018-04-14,7579236900.0,327239900.0
2018-04-15,7626739500.0,231429800.0
2018-04-16,7626323000.0,200909300.0
2018-04-17,7606342500.0,175565500.0
2018-04-18,7594195100.0,172473800.0
2018-04-19,7644966600.0,234605500.0
2018-04-20,7633692700.0,166393500.0
2018-04-21,7593915900.0,129983800.0
2018-04-22,7609749200.0,169114100.0
2018-04-23,7620872700.0,185726700.0
2018-04-24,7612201100.0,167296200.0
2018-04-25,7631128400.0,202658200.0
2018-04-26,7730657000.0,290419600.0
2018-04-27,7918339400.0,444703600.0
2018-04-28,8016307300.0,271298400.0
2018-04-29,8134661700.0,271323700.0
2018-04-30,8167532700.0,203711200.0
2018-05-01,8200550200.0,186389600.0
2018-05-02,8308118200.0,278404000.0
2018-05-03,8344697400.0,205393500.0
2018-05-04,8455570500.0,313134800.0
2018-05-05,8526827100.0,226215700.0
2018-05-06,8621240800.0,228383000.0
2018-05-07,8786225200.0,340099700.0
2018-05-08,9065445300.0,513359500.0
2018-05-09,9274870100.0,420366700.0
2018-05-10,9437464700.0,409945700.0
2018-05-11,9526436300.0,365723500.0
2018-05-12,9569857200.0,304190100.0
2018-05-13,9728804800.0,358701000.0
2018-05-14,9898033300.0,371264000.0
2018-05-15,10065892100.0,409439700.0
2018-05-16,10122873600.0,319320200.0
2018-05-17,10193426000.0,313513000.0
2018-05-18,10239675000.0,284756900.0
2018-05-19,10326033300.0,309065900.0
2018-05-20,10488072400.0,443458800.0
2018-05-21,10579532800.0,346147000.0
2018-05-22,10606597600.0,259053500.0
2018-05-23,10779296900.0,417164800.0
2018-05-24,10859490600.0,285547200.0
2018-05-25,10934885100.0,266010000.0
2018-05-26,11082711600.0,334720300.0
2018-05-27,11286861300.0,378836900.0
2018-05-28,11487252200.0,398742900.0
2018-05-29,11532184100.0,262310400.0
2018-05-30,11569887500.0,263457700.0
2018-05-31,11594062800.0,251839100.0
2018-06-01,11701071000.0,339723800.0
2018-06-02,11781464600.0,351648500.0
2018-06-03,11902428500.0,356082500.0
2018-06-04,12094537300.0,418493200.0
2018-06-05,12204552900.0,327420200.0
2018-06-06,12475866700.0,295188600.0
2018-06-07,12370255000.0,266548400.0
2018-06-08,12408609900.0,250551900.0
2018-06-09,12488082200.0,255841900.0
2018-06-10,12564838900.0,242776300.0
2018-06-11,12666433700.0,257522100.0
2018-06-12,12704902100.0,239952700.0
2018-06-13,12706435300.0,188035200.0
2018-06-14,12780329000.0,257655100.0
2018-06-15,12841275500.0,246512000.0
2018-06-16,12910912900.0,264167100.0
2018-06-17,13014033900.0,295758200.0
2018-06-18,13063608000.0,238270400.0
2018-06-19,13076492200.0,239850000.0
2018-06-20,13089575300.0,250705200.0
2018-06-21,13113893500.0,234393100.0
2018-06-22,13097049400.0,202359200.0
2018-06-23,13127985900.0,238979900.0
2018-06-24,13243993400.0,315960600.0
2018-06-25,13263703900.0,236514300.0
2018-06-26,13324868600.0,257695400.0
2018-06-27,13334929300.0,235287600.0
2018-06-28,13462932700.0,406591200.0
2018-06-29,13486591600.0,270587100.0
2018-06-30,13518200100.0,226857900.0
2018-07-01,13562377800.0,232225400.0
2018-07-02,13652410200.0,270353500.0
2018-07-03,13689757300.0,230454000.0
2018-07-04,13690638500.0,193670200.0
2018-07-05,13671848900.0,212210800.0
2018-07-06,13677294900.0,191756200.0
2018-07-07,13693675600.0,246833500.0
2018-07-08,13713786400.0,184348600.0
2018-07-09,13706850200.0,197469400.0
2018-07-10,13733018900.0,251854000.0
2018-07-11,13719515700.0,209420600.0
2018-07-12,13720417600.0,211109500.0
2018-07-13,13732936500.0,253412100.0
2018-07-14,13728680500.0,223690800.0
2018-07-15,13735184700.0,233990500.0
2018-07-16,13743578500.0,297973400.0
2018-07-17,13742157900.0,285048100.0
2018-07-18,13771769400.0,225436900.0
2018-07-19,13778762500.0,205438100.0
2018-07-20,13786967800.0,214470300.0
2018-07-21,13796911700.0,225658300.0
2018-07-22,13817486500.0,212214100.0
2018-07-23,13805704700.0,165724300.0
2018-07-24,13853265400.0,292216800.0
2018-07-25,13860153600.0,197134800.0
2018-07-26,13850131400.0,192030900.0
2018-07-27,13882276300.0,268047800.0
2018-07-28,13926239200.0,326347200.0
2018-07-29,13945549000.0,216180500.0
2018-07-30,13952657200.0,212040500.0
2018-07-31,13969987600.0,213053900.0
2018-08-01,13975424900.0,198821300.0
2018-08-02,13952863600.0,180108900.0
2018-08-03,13992364100.0,215898500.0
2018-08-04,14048581300.0,226192700.0
2018-08-05,14152961900.0,355246800.0
2018-08-06,13917995100.0,165349000.0
2018-08-07,13896628800.0,170998600.0
2018-08-08,13854185300.0,159561200.0
2018-08-09,13839729000.0,227628800.0
2018-08-10,13793802200.0,174278100.0
2018-08-11,13757190900.0,136333400.0
2018-08-12,13750289300.0,155888000.0
2018-08-13,13735584600.0,181287400.0
2018-08-14,13773519100.0,238844100.0
2018-08-15,13754277400.0,163851300.0
2018-08-16,13716526200.0,132031800.0
2018-08-17,13690901200.0,156135200.0
2018-08-18,13662728300.0,172242100.0
2018-08-19,13697826600.0,202321500.0
2018-08-20,13684027800.0,132356200.0
2018-08-21,13671334100.0,143104000.0
2018-08-22,13667922300.0,238693100.0
2018-08-23,13628193800.0,139667100.0
2018-08-24,13635682800.0,175583500.0
2018-08-25,13595973300.0,123022100.0
2018-08-26,13626712700.0,178200200.0
2018-08-27,13705114600.0,287169200.0
2018-08-28,13670756500.0,165741400.0
2018-08-29,13646133700.0,179809200.0
2018-08-30,13655581700.0,174101600.0
2018-08-31,13628412000.0,142197600.0
2018-09-01,13604676500.0,125886000.0
2018-09-02,13602319600.0,136483800.0
2018-09-03,13563190400.0,122255200.0
2018-09-04,13563349800.0,161418400.0
2018-09-05,13569988100.0,163726100.0
2018-09-06,13624704800.0,222535300.0
2018-09-07,13657681500.0,203574200.0
2018-09-08,13717644000.0,255039400.0
2018-09-09,13736102500.0,185192000.0
2018-09-10,13697704300.0,132488100.0
2018-09-11,13653582100.0,127089400.0
2018-09-12,13606992000.0,129342000.0
2018-09-13,13559662400.0,125660500.0
2018-09-14,13556620600.0,173564900.0
2018-09-15,13586713300.0,212112300.0
2018-09-16,13655577000.0,226991500.0
2018-09-17,13623584200.0,140499600.0
2018-09-18,13579750000.0,149346000.0
2018-09-19,13572555200.0,193263600.0
2018-09-20,13537993400.0,148393500.0
2018-09-21,13478826900.0,120404000.0
2018-09-22,13452413700.0,146250200.0
2018-09-23,13401511300.0,101898300.0
2018-09-24,13322900200.0,105523200.0
2018-09-25,13247938400.0,97748400.0
2018-09-26,13191840500.0,101860200.0
2018-09-27,13219887200.0,193706600.0
2018-09-28,13212187400.0,149812700.0
2018-09-29,13257019500.0,194421700.0
2018-09-30,13293982100.0,164808700.0
2018-10-01,13274720100.0,144560300.0
2018-10-02,13261726500.0,153732400.0
2018-10-03,13226007600.0,126370600.0
2018-10-04,13212488900.0,145293900.0
2018-10-05,13247336700.0,197717600.0
2018-10-06,13305938100.0,221293200.0
2018-10-07,13338423300.0,177416900.0
2018-10-08,13347592900.0,191044400.0
2018-10-09,13369908000.0,186615500.0
2018-10-10,13416828600.0,206072900.0
2018-10-11,13640353100.0,410010700.0
2018-10-12,13687550800.0,217306100.0
2018-10-13,13688869600.0,174820000.0
2018-10-14,13710102200.0,185288000.0
2018-10-15,13740294600.0,176096200.0
2018-10-16,13758066800.0,195352900.0
2018-10-17,13759926500.0,178202600.0
2018-10-18,13734361700.0,150548900.0
2018-10-19,13716526200.0,173727100.0
2018-10-20,13729549700.0,188906500.0
2018-10-21,13770954000.0,199799300.0
2018-10-22,13762585800.0,167473600.0
2018-10-23,13764788400.0,179203700.0
2018-10-24,13792805000.0,211841500.0
2018-10-25,13811388800.0,205413100.0
2018-10-26,13827013800.0,199021300.0
2018-10-27,13837248800.0,195250900.0
2018-10-28,13839941900.0,165107300.0
2018-10-29,13834244800.0,174306500.0
2018-10-30,13820102900.0,163231300.0
2018-10-31,13781396900.0,155078400.0
2018-11-01,13754082700.0,143082800.0
2018-11-02,13729308300.0,171213800.0
2018-11-03,13769499400.0,215332700.0
2018-11-04,13826301500.0,201953100.0
2018-11-05,13909415600.0,254081000.0
2018-11-06,13934900300.0,213825200.0
2018-11-07,13944514600.0,194186900.0
2018-11-08,13896912000.0,156753900.0
2018-11-09,13920833900.0,212043700.0
2018-11-10,13939162100.0,196375900.0
2018-11-11,13951261700.0,179369900.0
2018-11-12,13952719500.0,170478200.0
2018-11-13,13941795600.0,169807200.0
2018-11-14,13931620300.0,161713600.0
2018-11-15,13921585200.0,161864400.0
2018-11-16,13871357400.0,144845200.0
2018-11-17,13861065200.0,168299700.0
2018-11-18,13905701800.0,215660500.0
2018-11-19,13910710400.0,188221800.0
2018-11-20,13887448300.0,151582300.0
2018-11-21,13867821600.0,152170500.0
2018-11-22,13840021000.0,151519600.0
2018-11-23,13859918700.0,187644600.0
2018-11-24,13863577500.0,173192500.0
2018-11-25,13933255400.0,230460300.0
2018-11-26,13942649700.0,194884000.0
2018-11-27,13924950400.0,171635800.0
2018-11-28,13916507500.0,171253400.0
2018-11-29,13882439700.0,152830200.0
2018-11-30,13854215000.0,162907000.0
2018-12-01,13830157900.0,158757800.0
2018-12-02,13807320600.0,136740500.0
2018-12-03,13752383300.0,126140800.0
2018-12-04,13691777500.0,121562900.0
2018-12-05,13640202200.0,127130600.0
2018-12-06,13597448200.0,123136900.0
2018-12-07,13536364400.0,106084900.0
2018-12-08,13493507900.0,110600200.0
2018-12-09,13453463000.0,99452700.0
2018-12-10,13376597400.0,88591600.0
2018-12-11,13309850300.0,93653100.0
2018-12-12,13260736500.0,104048100.0
2018-12-13,13189852000.0,105883800.0
2018-12-14,13145946300.0,101473600.0
2018-12-15,13111125100.0,98936700.0
2018-12-16,13064391600.0,84282400.0
2018-12-17,13005539200.0,86468600.0
2018-12-18,12933929700.0,81091600.0
2018-12-19,12883389700.0,99799700.0
2018-12-20,12822807000.0,83393100.0
2018-12-21,12756321800.0,82133700.0
2018-12-22,12692561300.0,82591300.0
2018-12-23,12648072300.0,82179100.0
2018-12-24,12539456800.0,77617800.0
2018-12-25,12584132800.0,80895000.0
2018-12-26,12420607800.0,68050300.0
2018-12-27,12403941300.0,75836500.0
2018-12-28,12320872000.0,69145600.0
2018-12-29,12255301300.0,62922200.0
2018-12-30,12209280700.0,71202900.0
2018-12-31,12160720800.0,66390600.0
